update,episodes,rollout_steps,mean_cost,mean_reward,mean_decisions,mean_branches,actor_loss,critic_loss,entropy,approx_kl,clip_fraction,fixed_greedy_cost,elapsed_seconds
1,16,105,34.9286495171396,-34.9286495171396,6.5625,3.726686507936508,-9.869545061036433e-05,620.3074951171875,1.0835132598876953,2.9140049780570127e-08,0.0,16.84955592153876,0.37319099996238947
2,32,92,34.57936831860599,-34.57936831860599,5.75,4.651810515873016,-7.596698360146092e-05,605.5983479817709,1.1739314794540405,2.5267186269199254e-08,0.0,16.84955592153876,0.697125899954699
3,48,94,29.579644925633218,-29.579644925633218,5.875,3.738764880952381,-8.481952232960073e-05,442.96453857421875,1.0542020400365193,2.8322774644114663e-08,0.0,8.283185307179586,1.0244759999914095
4,64,104,35.86476648200343,-35.86476648200343,6.5,4.718179563492064,-8.461452242218097e-05,570.4267781575521,1.1534137328465779,3.133064533737221e-08,0.0,8.283185307179586,1.40591349999886
5,80,108,44.027653166634934,-44.027653166634934,6.75,4.7155257936507935,-5.658118081737958e-05,744.2348836263021,1.118202845255534,2.0788039437983723e-08,0.0,8.283185307179586,1.8814840000122786
6,96,104,32.854257298990674,-32.854257298990674,6.5,4.204613095238095,-2.820331330729194e-05,470.23183186848956,1.0950623353322346,1.8913012193403727e-08,0.0,8.283185307179586,2.283525099977851
7,112,91,39.535672886402594,-39.535672886402594,5.6875,4.991700487012987,-4.590561872445479e-05,742.4117431640625,1.1760505040486653,1.2881590460978032e-08,0.0,8.283185307179586,2.614681200007908
8,128,96,34.96321785945535,-34.96321785945535,6,4.910912698412698,-7.54959077724493e-05,494.184814453125,1.193676749865214,2.3179583881945593e-08,0.0,8.283185307179586,2.956644699908793
9,144,108,39.21183482431918,-39.21183482431918,6.75,3.9122068903318903,-7.062929647953335e-05,599.4429117838541,1.0850179592768352,2.0052179768489015e-08,0.0,8.283185307179586,3.3233083999948576
10,160,93,33.98561831860599,-33.98561831860599,5.8125,4.662549603174603,-5.219443999256631e-05,400.67470296223956,1.2041937907536824,2.6063680991228466e-08,0.0,8.283185307179586,3.651888999971561
11,176,97,33.12029768053704,-33.12029768053704,6.0625,3.605406746031746,-0.00011260648863320455,381.16991170247394,1.0573207139968872,2.7856464986560543e-08,0.0,8.283185307179586,3.9875322999432683
12,192,89,34.48893666092174,-34.48893666092174,5.5625,4.333382936507936,-7.057692483887952e-05,648.7360636393229,1.0875561237335205,3.6387854507324846e-08,0.0,8.283185307179586,4.297364400001243
13,208,96,37.17284171157875,-37.17284171157875,6,4.265128968253968,-0.00010363260985831364,496.1705830891927,1.1309946378072102,3.870162679220357e-08,0.0,8.283185307179586,4.638044599909335
14,224,99,42.91648069196344,-42.91648069196344,6.1875,4.172867063492063,-8.878403080932647e-05,825.9942016601562,1.0791504383087158,5.5189483797827656e-08,0.0,8.283185307179586,4.982541800010949
15,240,104,45.63467747790897,-45.63467747790897,6.5,3.967834595959596,-0.00011007487512652385,742.4040120442709,1.088881254196167,5.4446552155695827e-08,0.0,8.283185307179586,5.332509099971503
16,256,101,39.54618206941536,-39.54618206941536,6.3125,4.314434523809524,-0.00011371572963625454,576.885986328125,1.132745385169983,4.2883868900389643e-08,0.0,8.283185307179586,5.7015178999863565
17,272,102,33.91509859883832,-33.91509859883832,6.375,3.7930690836940837,-0.00011252051669548753,565.2161865234375,1.0455987453460693,5.8046352317357254e-08,0.0,8.283185307179586,6.049412799999118
18,288,105,31.714324287564278,-31.714324287564278,6.5625,3.7052579365079366,-0.00013409303819974147,314.1012268066406,1.0400079488754272,7.568843921982686e-08,0.0,8.283185307179586,6.414128099917434
19,304,115,44.956580232812804,-44.956580232812804,7.1875,3.7637536075036078,-0.00011492881177706711,697.1222941080729,1.0540758768717449,7.031620441466657e-08,0.0,8.283185307179586,6.817333599901758
20,320,91,38.132465563702155,-38.132465563702155,5.6875,4.727827380952381,-0.00013827229828670498,686.6534627278646,1.1245368321736653,1.0610936840294016e-07,0.0,8.283185307179586,7.152821099967696
21,336,93,31.06996556370216,-31.06996556370216,5.8125,3.7513392857142858,-0.0001531715460908837,413.7607116699219,1.084742784500122,9.54956149712416e-08,0.0,8.283185307179586,7.462976399925537
22,352,102,39.30503161026472,-39.30503161026472,6.375,4.351041666666666,-0.00021627214505196926,570.5161946614584,1.1555619637171428,1.4570024594225592e-07,0.0,8.283185307179586,7.811182099976577
23,368,102,45.09927931451153,-45.09927931451153,6.375,4.907242063492063,-0.00014560382645475065,778.3423055013021,1.2105525732040405,1.4803768048447333e-07,0.0,8.283185307179586,8.16799969994463
24,384,99,33.22593895667492,-33.22593895667492,6.1875,4.084151785714286,-0.00017055036296890572,347.6972147623698,1.1444502274195354,1.216175557298508e-07,0.0,8.283185307179586,8.506268299999647
25,400,97,39.537332528566,-39.537332528566,6.0625,4.25250496031746,-0.0003112632442422066,382.85198974609375,1.11258331934611,2.7508260795154155e-07,0.0,8.283185307179586,8.836669699987397
26,416,95,27.481193548181302,-27.481193548181302,5.9375,3.829017857142857,-0.00022741117123548094,199.17096455891928,1.0824811061223347,2.1604070354896976e-07,0.0,8.283185307179586,9.152556899935007
27,432,109,36.66731051304514,-36.66731051304514,6.8125,3.792485119047619,-0.0001389528232659624,545.8305460611979,1.060069998105367,1.480090835078348e-07,0.0,8.283185307179586,9.52308479999192
28,448,106,39.024058217291945,-39.024058217291945,6.625,4.100967261904762,-0.0002214020138614122,571.9164428710938,1.0426396131515503,1.8556163420650287e-07,0.0,8.283185307179586,9.970508500002325
29,464,106,41.09540775814131,-41.09540775814131,6.625,4.294494047619048,-0.0002733555350763102,516.3637898763021,1.1178524096806843,2.924001497225011e-07,0.0,8.283185307179586,10.328324600006454
30,480,87,32.03484400733194,-32.03484400733194,5.4375,3.6754464285714286,-0.00019520954816698577,419.4933268229167,1.0782978534698486,2.4230088039682113e-07,0.0,8.283185307179586,10.619815799989738
31,496,95,29.50331740030471,-29.50331740030471,5.9375,4.071651785714286,-0.00020449684801112275,318.75682576497394,1.0793283383051555,2.5305832688597246e-07,0.0,8.283185307179586,10.940610899939202
32,512,101,43.10370408493621,-43.10370408493621,6.3125,4.022247023809524,-0.0003273683840632202,729.8752237955729,1.1203420162200928,3.2477646054000314e-07,0.0,8.283185307179586,11.277388999937102
33,528,101,39.37776418625024,-39.37776418625024,6.3125,4.71838474025974,-0.0002473329189376372,491.0983479817708,1.1758676767349243,3.749387834280545e-07,0.0,8.283185307179586,11.62329569994472
34,544,102,39.34098298771663,-39.34098298771663,6.375,4.550669642857143,-0.00027399436434549784,473.5152079264323,1.1562519073486328,4.28335340529884e-07,0.0,8.283185307179586,11.974521899945103
35,560,102,45.527929773662166,-45.527929773662166,6.375,4.55337527056277,-0.0004437222933783384,799.20263671875,1.1363840103149414,6.388994412039514e-07,0.0,8.283185307179586,12.332598999957554
36,576,106,38.83766464540088,-38.83766464540088,6.625,3.94422123015873,-0.0003238211626784467,451.7039286295573,1.0880221128463745,4.0411200075141096e-07,0.0,8.283185307179586,12.691680599935353
37,592,91,34.110065104551516,-34.110065104551516,5.6875,4.338764880952381,-0.00046644978512588864,352.7776794433594,1.1554810206095378,9.034579117421041e-07,0.0,8.283185307179586,13.007868399959989
38,608,107,41.02046326794897,-41.02046326794897,6.6875,4.539236111111111,-0.000454009514838057,447.7880147298177,1.1290795008341472,7.382805904398992e-07,0.0,8.283185307179586,13.368166200001724
39,624,92,36.60481051304514,-36.60481051304514,5.75,4.275223214285714,-0.0004196495232780724,404.2306416829427,1.133331020673116,6.949556071352466e-07,0.0,8.283185307179586,13.699681699974462
40,640,97,32.31581740030471,-32.31581740030471,6.0625,4.24941829004329,-0.00047102622370687186,355.51584879557294,1.1218898296356201,9.440474286748213e-07,0.0,8.283185307179586,14.039778599981219
41,656,106,38.04618206941535,-38.04618206941535,6.625,5.035218253968254,-0.0004699965025546741,501.7329508463542,1.1109487215677898,9.711058244950739e-07,0.0,8.283185307179586,14.400529199978337
42,672,103,40.00691234964769,-40.00691234964769,6.4375,4.159995039682539,-0.00032847675615036803,539.2841593424479,1.1807903051376343,6.789914361130892e-07,0.0,8.283185307179586,14.782776599982753
43,688,92,38.287332528566,-38.287332528566,5.75,4.4556547619047615,-0.0006245884359354174,518.0682576497396,1.132116675376892,1.197707869475077e-06,0.0,8.283185307179586,15.135468699969351
44,704,104,32.203538497524285,-32.203538497524285,6.5,4.176210768398269,-0.00042947839709720864,383.31833902994794,1.1053068240483601,9.324688600524192e-07,0.0,8.283185307179586,15.49658419995103
45,720,98,34.2936935481813,-34.2936935481813,6.125,4.099702380952381,-0.0006795821606099631,317.97046915690106,1.13326096534729,1.3676630222410797e-06,0.0,8.283185307179586,15.846451099961996
46,736,95,33.481470155208534,-33.481470155208534,5.9375,4.53030753968254,-0.000666770180932493,256.06615193684894,1.158493995666504,1.3997680146834075e-06,0.0,8.283185307179586,16.18582059990149
47,752,86,32.076049976290236,-32.076049976290236,5.375,4.5902529761904765,-0.0008448135985833124,290.6135762532552,1.1810766061147053,2.4893025738492724e-06,0.0,8.283185307179586,16.50097920000553
48,768,94,42.036226100457064,-42.036226100457064,5.875,4.641531385281385,-0.00061860552894899,540.25048828125,1.1906071503957112,2.046214717665862e-06,0.0,8.283185307179586,16.826471699983813
49,784,101,37.73147015520854,-37.73147015520854,6.3125,3.8901785714285713,-0.0007257536447475843,477.32627360026044,1.0599129597345989,2.419791182243595e-06,0.0,8.283185307179586,17.17146869993303
50,800,119,41.408460972195776,-41.408460972195776,7.4375,3.970302960927961,-0.0008161916164025248,493.4049987792969,1.0417189598083496,2.585873251822098e-06,0.0,8.283185307179586,17.569596399902366
51,816,103,33.550330232812804,-33.550330232812804,6.4375,3.857688492063492,-0.0010195681405204364,318.46094767252606,1.0835715134938557,2.953998508322305e-06,0.0,8.283185307179586,17.92505289998371
52,832,97,35.48893666092173,-35.48893666092173,6.0625,4.427480158730159,-0.001203334623070799,365.7461751302083,1.1709663073221843,4.213290670425825e-06,0.0,8.283185307179586,18.262162699946202
53,848,90,30.06194584393449,-30.06194584393449,5.625,4.798635912698413,-0.0013515277929535923,235.08468627929688,1.1600903669993083,5.665752572288814e-06,0.0,8.283185307179586,18.58493939996697
54,864,105,39.635783906017906,-39.635783906017906,6.5625,4.001909722222222,-0.0008902545964774392,431.54967244466144,1.1101289987564087,4.026814015863541e-06,0.0,8.283185307179586,18.94727000000421
55,880,101,34.81913574262046,-34.81913574262046,6.3125,3.7673363095238095,-0.0009192893069879619,364.84081013997394,1.0521692037582397,3.5385093421306615e-06,0.0,8.283185307179586,19.291643499978818
56,896,90,28.84319584393449,-28.84319584393449,5.625,5.099479166666667,-0.0012939559235409792,205.58175659179688,1.1589163939158122,4.7864737098279875e-06,0.0,8.283185307179586,19.61284189997241
57,912,86,25.425054567796614,-25.425054567796614,5.375,4.350372023809523,-0.0013007595999772192,312.089111328125,1.1542432308197021,5.141016041913342e-06,0.0,8.283185307179586,19.918691199971363
58,928,101,36.88135913559323,-36.88135913559323,6.3125,4.010193452380952,-0.0011245209198113375,269.5355529785156,1.0678338209788005,5.0465265151918475e-06,0.0,0.42920367320510344,20.268068799981847
59,944,100,34.4811935481813,-34.4811935481813,6.25,4.206770833333334,-0.0013394775800404564,400.12770589192706,1.113800843556722,6.044109795766417e-06,0.0,0.42920367320510344,20.607893500011414
60,960,109,37.98893666092174,-37.98893666092174,6.8125,4.440992514430015,-0.0016171363209428098,286.3989969889323,1.086934765179952,6.753917053477683e-06,0.0,0.42920367320510344,20.983559499960393
61,976,85,27.15293071567321,-27.15293071567321,5.3125,5.097619047619048,-0.001177595122991093,225.39871215820312,1.2104368607203166,6.241190552221572e-06,0.0,0.42920367320510344,21.287480799946934
62,992,92,33.24750959474386,-33.24750959474386,5.75,4.4504464285714285,-0.0014152766586672527,215.7603556315104,1.1311920483907063,7.535452520338974e-06,0.0,0.42920367320510344,21.621956099988893
63,1008,85,25.24999905798896,-25.24999905798896,5.3125,4.600992063492064,-0.001461009879359117,198.4639638264974,1.139560302098592,6.2552154152702615e-06,0.0,0.42920367320510344,21.938033299986273
64,1024,75,25.98534171157875,-25.98534171157875,4.6875,5.235639880952381,-0.0016186311271872238,227.89591471354166,1.2334904670715332,1.4168819082745662e-05,0.0,0.42920367320510344,22.22748599993065
65,1040,89,20.978981633974485,-20.978981633974485,5.5625,5.017931547619048,-0.0014921058407959542,95.71187337239583,1.1906115214029949,8.196420215729935e-06,0.0,0.42920367320510344,22.550802999990992
66,1056,106,35.453538497524285,-35.453538497524285,6.625,3.4657738095238098,-0.0015386949877580491,251.49384053548178,1.023568034172058,6.859875914718335e-06,0.0,0.42920367320510344,22.90655469999183
67,1072,96,31.91924676223577,-31.91924676223577,6,4.180280483405483,-0.0017364997571955125,379.2808837890625,1.0894858837127686,9.172389127343195e-06,0.0,0.42920367320510344,23.239420700003393
68,1088,96,30.28235548609789,-30.28235548609789,6,4.231820436507936,-0.001608779007154985,189.23334757486978,1.0730297168095906,9.494936875853455e-06,0.0,0.42920367320510344,23.568257399951108
69,1104,90,26.761061455056186,-26.761061455056186,5.625,3.9953125,-0.0026070753819551484,147.3206787109375,1.0757732788721721,1.6479581063322257e-05,0.0,0.42920367320510344,23.880738699925132
70,1120,105,34.08794125242811,-34.08794125242811,6.5625,3.427926587301587,-0.0013048301155252535,270.14007568359375,0.9904283086458842,7.725045634288108e-06,0.0,0.42920367320510344,24.23265109991189
71,1136,99,29.275717859455344,-29.275717859455344,6.1875,3.779389880952381,-0.0019847073604791396,192.6546834309896,1.0611952940622966,1.0711175339868836e-05,0.0,0.42920367320510344,24.567237599985674
72,1152,101,33.845684365168545,-33.845684365168545,6.3125,4.031845238095238,-0.0021901818602453695,266.9324137369792,1.0143521626790364,1.2963715259199185e-05,0.0,0.42920367320510344,24.916234500007704
73,1168,86,23.264656404399165,-23.264656404399165,5.375,4.476041666666666,-0.0017974117640838412,120.65374755859375,1.0854098002115886,1.4716341259675877e-05,0.0,0.42920367320510344,25.223018999909982
74,1184,90,24.169523369263004,-24.169523369263004,5.625,3.92405753968254,-0.001610955514048218,130.7753143310547,1.0675077835718791,1.211243640379204e-05,0.0,0.42920367320510344,25.550690699950792
75,1200,92,24.376105486097888,-24.376105486097888,5.75,3.741344246031746,-0.0023230716106953744,188.0987548828125,1.0718458890914917,1.2991436657709224e-05,0.0,0.42920367320510344,25.880587399937212
76,1216,95,27.069688956674927,-27.069688956674927,5.9375,4.4123511904761905,-0.002498344742905445,174.9834442138672,1.0950469573338826,1.758138296281686e-05,0.0,0.42920367320510344,26.21428069996182
77,1232,97,27.07162520586555,-27.07162520586555,6.0625,3.9604166666666667,-0.0025590498182807377,279.3636881510417,1.0125387112299602,1.688644654980938e-05,0.0,0.42920367320510344,26.544766700011678
78,1248,89,29.770186660921734,-29.770186660921734,5.5625,4.96547619047619,-0.0019611879496063502,178.937744140625,1.1059412956237793,1.8279204293018363e-05,0.0,0.42920367320510344,26.85232249996625
79,1264,83,27.519357781851078,-27.519357781851078,5.1875,4.031770833333334,-0.00356923240745625,167.61902364095053,1.0465989510218303,2.7975164509067934e-05,0.0,8.283185307179586,27.137094200006686
80,1280,89,25.38357199181109,-25.38357199181109,5.5625,5.033035714285714,-0.0026338031447461496,188.67498779296875,1.1106764078140259,2.3207414415082894e-05,0.0,8.283185307179586,27.459375499980524
81,1296,92,29.267144925633218,-29.267144925633218,5.75,3.9361359126984126,-0.00267063626223063,293.56089274088544,1.051866054534912,2.1345804877152357e-05,0.0,8.283185307179586,27.78021210001316
82,1312,96,25.58130456779661,-25.58130456779661,6,3.748214285714286,-0.0027477344135859263,214.15413920084634,1.0278226534525554,2.6224181056022644e-05,0.0,0.42920367320510344,28.11326149990782
83,1328,92,25.81277566501619,-25.81277566501619,5.75,4.267857142857143,-0.0026104160672240084,206.1270955403646,1.0269539753595989,2.3807736397429835e-05,0.0,0.42920367320510344,28.423304999945685
84,1344,78,19.905972450961723,-19.905972450961723,4.875,4.756994047619048,-0.0025371717285113484,118.99061330159505,1.135392427444458,3.039531232692146e-05,0.0,0.42920367320510344,28.71798969991505
85,1360,91,30.446901812892786,-30.446901812892786,5.6875,4.943526785714286,-0.0025689204755643402,281.9911600748698,1.149654467900594,3.444002322794404e-05,0.0,0.42920367320510344,29.04248069995083
86,1376,88,21.39878255227576,-21.39878255227576,5.5,3.785416666666667,-0.002659526653587818,168.74055989583334,0.986725370089213,1.9607896319939755e-05,0.0,0.42920367320510344,29.353112699929625
87,1392,83,17.03318530717959,-17.03318530717959,5.1875,4.415252976190477,-0.002966253684429413,95.42039235432942,1.089410940806071,1.7838425568091527e-05,0.0,0.42920367320510344,29.653624299913645
88,1408,73,14.926160995905544,-14.926160995905544,4.5625,5.063169642857143,-0.003909636525964544,125.5052261352539,1.105655590693156,3.1818265900559105e-05,0.0,0.42920367320510344,29.925326599972323
89,1424,92,20.211282552275758,-20.211282552275758,5.75,4.247023809523809,-0.0027340942136673263,89.07362874348958,1.0212294658025105,2.3842182296599883e-05,0.0,0.42920367320510344,30.24266919994261
90,1440,77,17.952709618453632,-17.952709618453632,4.8125,5.083035714285714,-0.003330860210348637,85.29947916666667,1.0868827899297078,2.7494899162168924e-05,0.0,0.42920367320510344,30.517698999959975
91,1456,68,11.00221191420682,-11.00221191420682,4.25,4.9696428571428575,-0.002925094440762166,72.37717946370442,1.0844615300496419,2.141413733625086e-05,0.0,0.42920367320510344,30.766337399953045
92,1472,84,18.564435307179586,-18.564435307179586,5.25,4.865252976190476,-0.002275806485808829,99.92386627197266,1.072489619255066,2.3869058168202173e-05,0.0,0.42920367320510344,31.060771299991757
93,1488,85,17.493362373357456,-17.493362373357456,5.3125,5.004761904761905,-0.004098482641811489,84.45338948567708,1.0060721238454182,3.366891117669487e-05,0.0,0.42920367320510344,31.354421700001694
94,1504,82,13.345408700152355,-13.345408700152355,5.125,4.311830357142857,-0.00365442476931932,68.98033142089844,0.9970049460728964,3.428623798148086e-05,0.0,0.42920367320510344,31.645212700008415
95,1520,72,14.561116964863837,-14.561116964863837,4.5,5.436979166666666,-0.005073129440899216,85.39450581868489,0.9683998624483744,5.635301931761205e-05,0.0,0.42920367320510344,31.911558399908245
96,1536,90,23.56166923690726,-23.56166923690726,5.625,4.329464285714286,-0.002836465895934855,153.25519307454428,1.0030382076899211,3.641976278837925e-05,0.0,0.42920367320510344,32.23758039996028
97,1552,89,16.76631604656256,-16.76631604656256,5.5625,4.660044642857143,-0.003251482537260486,80.75344340006511,0.953444759051005,1.6048382652418997e-05,0.0,0.42920367320510344,32.555009500007145
98,1568,82,13.252488521234051,-13.252488521234051,5.125,4.298214285714286,-0.0038327036985776886,55.8027089436849,0.9719873269399008,2.4576860293260932e-05,0.0,0.42920367320510344,32.84553299995605
99,1584,88,15.096791735288518,-15.096791735288518,5.5,4.025744047619048,-0.00360986002664454,61.458089192708336,0.930917759736379,3.6905942882488794e-05,0.0,0.42920367320510344,33.143883600016125
100,1600,78,17.907355486097888,-17.907355486097888,4.875,5.318452380952381,-0.004341839398774638,99.66714477539062,1.03448486328125,4.754451219923794e-05,0.0,0.42920367320510344,33.437788199982606
101,1616,83,21.001105486097888,-21.001105486097888,5.1875,5.132886904761905,-0.004089921819472764,119.224609375,0.9478803475697836,4.515811815508641e-05,0.0,0.42920367320510344,33.75136210001074
102,1632,68,13.608683011426399,-13.608683011426399,4.25,5.382291666666667,-0.003482982749119401,97.94587707519531,1.0240806738535564,3.0292161682154983e-05,0.0,0.42920367320510344,34.00919969996903
103,1648,84,10.106471097219577,-10.106471097219577,5.25,4.210119047619048,-0.003131825813195377,74.82419077555339,0.9000321825345358,2.7291477636026684e-05,0.0,0.42920367320510344,34.29728860000614
104,1664,82,18.64020961845363,-18.64020961845363,5.125,5.4097470238095235,-0.004447090621219729,99.99462381998698,0.9203883409500122,4.193937941939415e-05,0.0,0.42920367320510344,34.5849806999322
105,1680,84,15.050331174823846,-15.050331174823846,5.25,4.069642857142857,-0.0030827219634955347,71.1292012532552,0.9147380987803141,3.657892011688091e-05,0.0,0.42920367320510344,34.8912845000159
106,1696,66,8.364767424014474,-8.364767424014474,4.125,4.993005952380952,-0.0037945721773529804,44.072271982828774,0.9183276693026224,2.312750469476062e-05,0.0,0.42920367320510344,35.13833839993458
107,1712,84,14.49889357189107,-14.49889357189107,5.25,4.043154761904762,-0.003964269068092108,73.16545104980469,0.8689993222554525,3.9966746650558584e-05,0.0,0.42920367320510344,35.443291799980216
108,1728,78,10.591813750809372,-10.591813750809372,4.875,5.251488095238095,-0.0043375465509473505,60.08623123168945,0.8916595180829366,4.881900592105618e-05,0.0,0.42920367320510344,35.72044890001416
109,1744,78,12.569689898685965,-12.569689898685965,4.875,4.989136904761905,-0.0034918484206382474,64.71678415934245,0.8861753344535828,3.0205545044736937e-05,0.0,0.42920367320510344,36.00158659997396
110,1760,60,6.377765128261285,-6.377765128261285,3.75,5.428125,-0.004726705462154257,37.34667841593424,0.8618372281392416,4.417962554725818e-05,0.0,0.42920367320510344,36.228148699970916
111,1776,74,14.103981633974485,-14.103981633974485,4.625,4.826736111111111,-0.00507162801233374,95.27305857340495,0.82124129931132,5.815842693361143e-05,0.0,0.42920367320510344,36.497340800007805
112,1792,71,10.306968801466388,-10.306968801466388,4.4375,4.528125,-0.006291620039814205,50.368604024251304,0.887130339940389,5.0657233562863745e-05,0.0,0.42920367320510344,36.75583859998733
113,1808,65,7.8653206380689396,-7.8653206380689396,4.0625,4.420833333333333,-0.0030504973127681487,31.23714256286621,0.8328218261400858,1.9988341591670178e-05,0.0,0.42920367320510344,37.008562800008804
114,1824,64,12.422012832508095,-12.422012832508095,4,5.781622023809524,-0.008744478225708008,80.95193227132161,0.8375299374262491,9.367723638812701e-05,0.0,0.42920367320510344,37.27788009995129
115,1840,72,8.962388980384691,-8.962388980384691,4.5,4.974479166666667,-0.0068766651502632685,41.93890635172526,0.8523582816123962,0.00010973656875042555,0.0,0.42920367320510344,37.56148219993338
116,1856,68,6.955752295753189,-6.955752295753189,4.25,5.99375,-0.0019083736583075013,38.59325281778971,0.9080355763435364,9.078166992064022e-06,0.0,0.42920367320510344,37.85327520000283
117,1872,63,6.277378443629786,-6.277378443629786,3.9375,5.48125,-0.002738473933219391,30.94822629292806,0.85517684618632,2.528419645386748e-05,0.0,0.42920367320510344,38.09099369996693
118,1888,70,9.578816046562562,-9.578816046562562,4.375,4.469047619047619,-0.0035385066776404037,37.42863082885742,0.7715646028518677,4.0434974531914726e-05,0.0,0.42920367320510344,38.342791299917735
119,1904,63,9.149059159302992,-9.149059159302992,3.9375,5.913020833333333,-0.005353028149339245,64.36647542317708,0.8062812089920044,7.238905406362998e-05,0.0,0.42920367320510344,38.58619840000756
120,1920,78,12.735619260617028,-12.735619260617028,4.875,5.062276785714285,-0.004146263198369897,58.622352600097656,0.8369760910669962,4.639527530040747e-05,0.0,0.42920367320510344,38.883349400013685
121,1936,70,8.784844949342983,-8.784844949342983,4.375,5.083978174603175,-0.005964795837090382,69.08836364746094,0.8217577735582987,5.468882469964834e-05,0.0,0.42920367320510344,39.14699389995076
122,1952,65,5.84706834231575,-5.84706834231575,4.0625,4.314583333333333,-0.003389313504195357,24.234424591064453,0.73741481701533,2.9338590441814933e-05,0.0,0.42920367320510344,39.394404399907216
123,1968,70,11.824391276137883,-11.824391276137883,4.375,5.7328125,-0.007308443427263296,87.40498352050781,0.7908465266227722,8.318878220355448e-05,0.0,0.42920367320510344,39.66501689993311
124,1984,69,8.34264357189107,-8.34264357189107,4.3125,4.398139880952381,-0.004359005871656052,45.20957692464193,0.699655016263326,4.118594430716863e-05,0.0,0.42920367320510344,39.92222649999894
125,2000,61,7.284291735288518,-7.284291735288518,3.8125,6.27921626984127,-0.0043614638938767785,46.762900034586586,0.8024770816167196,3.4113318785481774e-05,0.0,0.42920367320510344,40.16584299993701
126,2016,69,6.999170178918303,-6.999170178918303,4.3125,5.46875,-0.002171786520000533,24.024865468343098,0.8496995568275452,2.8054208087269217e-05,0.0,0.42920367320510344,40.42318139993586
127,2032,73,10.824667883165112,-10.824667883165112,4.5625,4.66860119047619,-0.006318774231662753,35.00242487589518,0.6423163016637167,8.25344710998858e-05,0.0,0.42920367320510344,40.68818709999323
128,2048,66,7.660398163397449,-7.660398163397449,4.125,5.967708333333333,-0.006444547292447034,34.61203384399414,0.7878643870353699,0.00013410119087590525,0.0,0.42920367320510344,40.93459359998815
129,2064,69,4.469026607027232,-4.469026607027232,4.3125,5.093055555555556,-0.0012757458334906602,38.42433166503906,0.765740692615509,9.032191125394698e-06,0.0,0.42920367320510344,41.18236099998467
130,2080,63,6.339325229575319,-6.339325229575319,3.9375,4.622916666666667,-0.003433359943320724,35.47899627685547,0.5959935784339905,1.861273312897538e-05,0.0,0.42920367320510344,41.41858609998599
131,2096,69,7.637444490192345,-7.637444490192345,4.3125,4.851711309523809,-0.0035289814605731586,49.045188903808594,0.7127956748008728,4.3330273911124095e-05,0.0,0.42920367320510344,41.68256320001092
132,2112,68,5.714048622548087,-5.714048622548087,4.25,4.905952380952381,-0.0030958250110202,20.56753412882487,0.733575721581777,3.786940093656691e-05,0.0,0.42920367320510344,41.935540799982846
133,2128,72,8.748616964863837,-8.748616964863837,4.5,5.16875,-0.0032555902359524915,33.93027369181315,0.7492878834406534,3.554582265981784e-05,0.0,0.42920367320510344,42.20328209991567
134,2144,68,6.838218801466388,-6.838218801466388,4.25,4.542708333333334,-0.0038399410287972557,24.222097396850586,0.6439275145530701,3.855996813702708e-05,0.0,0.42920367320510344,42.449768299935386
135,2160,59,5.705199081698725,-5.705199081698725,3.6875,4.979166666666667,-0.0028874067481770758,24.572596232096355,0.6303552190462748,3.344763536006212e-05,0.0,0.42920367320510344,42.66767789993901
136,2176,61,3.6512720155208536,-3.6512720155208536,3.8125,6.860416666666667,-0.0021860794841105737,28.396039326985676,0.5589803059895834,2.3621923295043718e-05,0.0,0.42920367320510344,42.90403609990608
137,2192,67,8.1941366846315,-8.1941366846315,4.1875,5.655952380952381,-0.003899803716429654,31.191455841064453,0.645194391409556,4.966660890204366e-05,0.0,0.42920367320510344,43.15187999990303
138,2208,66,6.834347245096173,-6.834347245096173,4.125,4.830654761904762,-0.003938855572763818,27.775676091512043,0.6304050882657369,4.875569781385517e-05,0.0,0.42920367320510344,43.40027739992365
139,2224,75,9.191094949342983,-9.191094949342983,4.6875,5.747470238095238,-0.0023692851492927622,77.3330790201823,0.6283415754636129,2.661205022983874e-05,0.0,0.42920367320510344,43.6731601000065
140,2240,78,6.275442194439155,-6.275442194439155,4.875,4.486458333333333,-0.0019702442800307494,19.73043441772461,0.6451077063878378,2.2845263629278634e-05,0.0,0.42920367320510344,43.95511430001352
141,2256,72,4.638827525328509,-4.638827525328509,4.5,5.499553571428572,-0.0018091466562406566,20.60695521036784,0.5451754927635193,1.7124745985105012e-05,0.0,0.42920367320510344,44.20852300000843
142,2272,57,4.839601836602552,-4.839601836602552,3.5625,4.797916666666667,-0.0035609448061744153,11.778814315795898,0.6013201872507731,3.730884661005499e-05,0.0,0.42920367320510344,44.42573019990232
143,2288,73,6.285398163397449,-6.285398163397449,4.5625,4.359821428571428,-0.0032017633699510384,32.51377614339193,0.5488887230555216,4.2369649236206897e-05,0.0,0.42920367320510344,44.692550399922766
144,2304,65,5.556692194439155,-5.556692194439155,4.0625,6.416517857142857,-0.008251834603456428,17.461819330851238,0.6344238519668579,0.00016448696624138393,0.005128205132981141,0.42920367320510344,44.945937799988315
145,2320,61,3.3443032140544653,-3.3443032140544653,3.8125,5.007291666666666,-0.0033201060838017327,14.08269468943278,0.6518566409746805,3.698834613411842e-05,0.0,0.42920367320510344,45.173992899945006
146,2336,57,2.0127210972195773,-2.0127210972195773,3.5625,5.098958333333333,-0.0014914921267035197,14.602115631103516,0.5629255970319113,1.4301977292537535e-05,0.0,0.42920367320510344,45.392231600009836
147,2352,77,8.07964586764426,-8.07964586764426,4.8125,4.588715277777778,-0.0029212701642376735,24.755605697631836,0.5989060401916504,2.8786205196714338e-05,0.0,0.42920367320510344,45.68307589995675
148,2368,64,3.914546326794897,-3.914546326794897,4,5.189583333333333,-0.0025545014068484306,12.30136807759603,0.5024280548095703,2.7453604464729626e-05,0.0,0.42920367320510344,45.9422501999652
149,2384,75,4.660951377451914,-4.660951377451914,4.6875,5.114880952380952,-0.0035965623075343935,13.819661458333334,0.5867994626363119,3.779053683198678e-05,0.0,0.42920367320510344,46.20488229999319
150,2400,57,2.4778761478765947,-2.4778761478765947,3.5625,5.882291666666667,-0.005210773245981552,11.74449348449707,0.5806209444999695,5.815905691027486e-05,0.0,0.42920367320510344,46.430930299917236
151,2416,65,4.280420178918303,-4.280420178918303,4.0625,4.580952380952381,-0.0018304659083533774,11.536146799723307,0.5530136624972025,2.319686639869663e-05,0.0,0.42920367320510344,46.669394099968486
152,2432,67,5.82881604656256,-5.82881604656256,4.1875,5.8566964285714285,-0.0030022512238695085,19.438435872395832,0.6243577202161154,2.2675007736931246e-05,0.0,0.42920367320510344,46.931483699940145
153,2448,67,4.09375,-4.09375,4.1875,5.316071428571428,-0.0023602514217297235,12.184147198994955,0.5474783976872762,1.8399338538680848e-05,0.0,0.42920367320510344,47.17997940001078
154,2464,64,4.90956834231575,-4.90956834231575,4,4.863541666666666,-0.004329594628264506,12.651644070943197,0.5315507451693217,3.854480261603991e-05,0.0,0.42920367320510344,47.41552719997708
155,2480,67,4.851769719767664,-4.851769719767664,4.1875,4.91875,-0.0027084346925515166,17.42310841878255,0.5669669707616171,2.5070943896328874e-05,0.0,0.42920367320510344,47.663982999976724
156,2496,67,5.976769719767664,-5.976769719767664,4.1875,5.462797619047619,-0.004613102214475824,23.721296310424805,0.583424965540568,6.69202260420813e-05,0.0,0.42920367320510344,47.91742949991021
157,2512,76,6.7403206380689396,-6.7403206380689396,4.75,4.798660714285714,-0.0033151314536665013,34.21381759643555,0.5513953566551208,3.436691319317712e-05,0.0,0.42920367320510344,48.191992999985814
158,2528,68,3.76825229575319,-3.76825229575319,4.25,3.9208333333333334,-0.0019249620495873643,12.366654713948568,0.4644436538219452,2.4696338186913636e-05,0.0,0.42920367320510344,48.448936700006016
159,2544,62,2.5978981633974483,-2.5978981633974483,3.875,5.26875,-0.0015180943826689959,8.509836832682291,0.5029941201210022,1.5164415041605631e-05,0.0,0.42920367320510344,48.677756599965505
160,2560,75,5.453816046562562,-5.453816046562562,4.6875,4.558928571428572,-0.002567829132700853,12.791244506835938,0.5068638523419698,2.6196109805217322e-05,0.0,0.42920367320510344,48.94841309997719
161,2576,72,4.497234871738716,-4.497234871738716,4.5,4.729464285714286,-0.002505069029413942,12.362282752990723,0.5030282735824585,2.4326903561207775e-05,0.0,0.42920367320510344,49.21469920000527
162,2592,62,2.875553214054466,-2.875553214054466,3.875,5.1569940476190474,-0.0019319856061189948,10.253915786743164,0.4828226665655772,2.130193115590373e-05,0.0,0.42920367320510344,49.446173399919644
163,2608,69,5.276272015520854,-5.276272015520854,4.3125,5.187648809523809,-0.005206603772830221,17.1890926361084,0.47708211342493695,6.274295992625412e-05,0.0,0.42920367320510344,49.70633620000444
164,2624,60,2.8075220155208536,-2.8075220155208536,3.75,4.920833333333333,-0.0017007841702755637,11.166990280151367,0.5165324409802755,1.4816390224344408e-05,0.0,0.42920367320510344,49.93545240000822
165,2640,75,3.28125,-3.28125,4.6875,4.027083333333334,-0.002221470979145934,7.242761770884196,0.4385637640953064,2.564602376272281e-05,0.0,0.42920367320510344,50.205935599980876
166,2656,65,3.7281527549038276,-3.7281527549038276,4.0625,5.137202380952381,-0.002445193512651785,7.983723322550456,0.5174070596694946,3.4161370422225446e-05,0.0,0.42920367320510344,50.44690579990856
167,2672,72,4.125276607027234,-4.125276607027234,4.5,6.381696428571429,-0.00257622485083564,11.270025571187338,0.5055391987164816,2.487762564366373e-05,0.0,0.42920367320510344,50.71269660000689
168,2688,66,2.932522015520854,-2.932522015520854,4.125,5.615625,-0.004020011522854361,5.078451315561931,0.4751462936401367,4.054199659246175e-05,0.0,0.42920367320510344,50.96635349991266
169,2704,66,5.214878443629784,-5.214878443629784,4.125,5.669866071428571,-0.0035744522194933737,32.82220331827799,0.5191306471824646,4.0617554380636044e-05,0.0,0.42920367320510344,51.209774999995716
170,2720,70,4.067201377451914,-4.067201377451914,4.375,4.664583333333334,-0.002410595183304961,10.5904172261556,0.43490861852963764,3.2685572781095594e-05,0.0,0.42920367320510344,51.45886279991828
171,2736,70,2.8224559689582938,-2.8224559689582938,4.375,4.527678571428571,-0.001818693237423415,8.177291870117188,0.45374542474746704,1.1773460604066107e-05,0.0,0.42920367320510344,51.711315399967134
172,2752,70,4.129977984479146,-4.129977984479146,4.375,4.654017857142857,-0.0026319834093252816,17.999610265096027,0.4023563861846924,3.930160073650768e-05,0.0,0.42920367320510344,51.96938179992139
173,2768,72,3.5365045915063797,-3.5365045915063797,4.5,4.60625,-0.0019786254270002246,8.055600802103678,0.4367932180563609,1.1899266913436199e-05,0.0,0.42920367320510344,52.23613089998253
174,2784,66,2.7370022957531894,-2.7370022957531894,4.125,4.6735863095238095,-0.0024649080199499926,8.71753184000651,0.39906224608421326,2.744891632270689e-05,0.0,0.42920367320510344,52.48247059993446
175,2800,67,3.348451377451914,-3.348451377451914,4.1875,4.458482142857143,-0.0006418201625833694,7.216776529947917,0.37869985898335773,1.2135475875159804e-05,0.0,0.42920367320510344,52.72949589998461
176,2816,62,3.387444490192345,-3.387444490192345,3.875,4.749702380952381,-0.0026686386836149247,23.286877314249676,0.34793219963709515,3.099545635147175e-05,0.0,0.42920367320510344,52.96004459995311
177,2832,71,2.733130739382975,-2.733130739382975,4.4375,4.8921875,-0.0006151739350780024,5.816587766011556,0.46179431676864624,3.0138822542843022e-06,0.0,0.42920367320510344,53.21207859995775
178,2848,63,2.232024311274044,-2.232024311274044,3.9375,4.303125,-0.0012349426415602476,3.187432289123535,0.4780407249927521,6.697520348097896e-06,0.0,0.42920367320510344,53.44647610001266
179,2864,72,3.072179361931061,-3.072179361931061,4.5,4.625595238095238,-0.0009901689029193268,5.648336251576741,0.49794145425160724,5.358485244263041e-06,0.0,0.42920367320510344,53.7126750999596
180,2880,63,4.306968801466389,-4.306968801466389,3.9375,5.127083333333333,-0.002497179221815434,13.841272989908854,0.44753365715344745,2.258022626241048e-05,0.0,0.42920367320510344,53.956142099923454
181,2896,64,3.9150995408493623,-3.9150995408493623,4,4.952901785714285,-0.0034929787119229636,3.209814469019572,0.38040757179260254,3.4718308597803116e-05,0.0,0.42920367320510344,54.20062969997525
182,2912,66,3.51825229575319,-3.51825229575319,4.125,5.617559523809524,-0.0020051346127546075,7.773154894510905,0.5136738816897074,1.7925344157750562e-05,0.0,0.42920367320510344,54.45580399991013
183,2928,71,3.4159293619310604,-3.4159293619310604,4.4375,5.148065476190476,-0.0006748247495960887,9.428793589274088,0.49852417906125385,5.0784451559593435e-06,0.0,0.42920367320510344,54.71533829998225
184,2944,67,3.196902754903828,-3.196902754903828,4.1875,4.432291666666667,-0.003048256240016182,6.483030637105306,0.43560484051704407,2.3796338609827217e-05,0.0,0.42920367320510344,54.96647929993924
185,2960,67,3.5135509183012763,-3.5135509183012763,4.1875,4.444791666666667,-0.0021982059636806994,6.5694379806518555,0.4222774902979533,1.6013003156937582e-05,0.0,0.42920367320510344,55.213167599984445
186,2976,53,1.3213495408493618,-1.3213495408493618,3.3125,6.129166666666666,-0.00040213417305068333,5.8221205075581866,0.44088417291641235,2.872269154371073e-06,0.0,0.42920367320510344,55.42261469992809
187,2992,67,3.048949081698725,-3.048949081698725,4.1875,4.495238095238095,-0.002528132782757986,3.7377471129099527,0.4379819333553314,2.5342055171980366e-05,0.0,0.42920367320510344,55.670463699963875
188,3008,67,3.0309733929727667,-3.0309733929727667,4.1875,5.620386904761904,-0.001681382340999941,5.462663173675537,0.3987479011217753,2.138079374465936e-05,0.0,0.42920367320510344,55.92773210001178
189,3024,55,3.0403761478765956,-3.0403761478765956,3.4375,6.4,-0.00351488854115208,10.406940142313639,0.45524773995081586,4.9013350993239634e-05,0.0,0.42920367320510344,56.15025459998287
190,3040,66,3.0940266070272333,-3.0940266070272333,4.125,5.312202380952381,-0.001300087512583777,7.064111391703288,0.4206853409608205,1.9869118053369068e-05,0.0,0.42920367320510344,56.39429839991499
191,3056,59,2.486725688725957,-2.486725688725957,3.6875,5.921726190476191,-0.002358809372641694,6.621616681416829,0.3401056230068207,1.6268027441886563e-05,0.0,0.42920367320510344,56.62196859996766
192,3072,65,3.7992256887259575,-3.7992256887259575,4.0625,5.875297619047619,-0.002469134631638189,10.862953503926596,0.44994425773620605,3.766367747933449e-05,0.0,0.42920367320510344,56.870981200016104
193,3088,65,2.6302545915063793,-2.6302545915063793,4.0625,4.4125,-0.0032865107835580907,4.322841803232829,0.3774569034576416,4.255901634072264e-05,0.0,0.42920367320510344,57.11676030000672
194,3104,69,2.9554756887259583,-2.9554756887259583,4.3125,5.566145833333334,-0.0010844515495964657,3.797788461049398,0.40945159395535785,9.048892328185806e-06,0.0,0.42920367320510344,57.3739968999289
195,3120,63,3.5135509183012763,-3.5135509183012763,3.9375,6.116071428571429,-0.0012998619115608772,5.184635162353516,0.4368096689383189,1.2811529662333973e-05,0.0,0.42920367320510344,57.62339919991791
196,3136,62,3.0400995408493627,-3.0400995408493627,3.875,5.296875,-0.0026683308239228154,9.083195686340332,0.4491981267929077,2.6466385558402788e-05,0.0,0.42920367320510344,57.866861299960874
197,3152,55,1.7093472450961724,-1.7093472450961724,3.4375,7.453125,-0.00018827264285015133,2.4718074003855386,0.37246116002400714,2.4791017191697997e-06,0.0,0.42920367320510344,58.09239549993072
198,3168,59,2.6158738521234053,-2.6158738521234053,3.6875,5.035416666666666,-0.0027876738208940655,8.929545084635416,0.4044229984283447,3.9627659134566784e-05,0.0,0.42920367320510344,58.31013220001478
199,3184,65,2.6474004591506386,-2.6474004591506386,4.0625,4.710416666666666,-0.0031844994698004094,3.352920929590861,0.4154602885246277,3.130023257350937e-05,0.0,0.42920367320510344,58.556217700010166
200,3200,65,2.2452986225480864,-2.2452986225480864,4.0625,6.098958333333333,-0.0001594072749400155,3.8547022342681885,0.39277052879333496,3.3381656976416707e-06,0.0,0.42920367320510344,58.80577699991409
201,3216,80,5.594303214054466,-5.594303214054466,5,4.617261904761905,-0.00202948257016633,15.108381271362305,0.438107709089915,1.4937110790924635e-05,0.0,0.42920367320510344,59.09066629991867
202,3232,71,4.826604132355741,-4.826604132355741,4.4375,5.234821428571428,-0.004963715390209937,9.675546328226725,0.33790995677312213,8.452470137854107e-05,0.0,0.42920367320510344,59.35117639997043
203,3248,74,3.655973392972767,-3.655973392972767,4.625,5.278422619047619,-0.0016764732715380444,11.404988924662272,0.4789836605389913,1.4140799521555891e-05,0.0,0.42920367320510344,59.6312582999235
204,3264,57,2.1745022957531903,-2.1745022957531903,3.5625,6.283333333333333,-0.00299543741142827,4.388353188832601,0.4343776007493337,3.77759261027677e-05,0.0,0.42920367320510344,59.862465300015174
205,3280,54,1.4106747704246816,-1.4106747704246816,3.375,6.778125,-0.0003334173534194444,2.9247095584869385,0.3760095040003459,9.882596903783754e-07,0.0,0.42920367320510344,60.07042569993064
206,3296,55,1.5185289027804225,-1.5185289027804225,3.4375,6.21875,-0.0019848631081084513,3.1437934239705405,0.37292394042015076,1.3172626343778878e-05,0.0,0.42920367320510344,60.29856879997533
207,3312,63,2.392975688725957,-2.392975688725957,3.9375,4.980208333333334,-0.001770400511169908,4.335909843444824,0.39443323016166687,2.708778689945272e-05,0.0,0.42920367320510344,60.53360009996686
208,3328,67,3.0625,-3.0625,4.1875,5.477380952380952,-0.0032697921139259734,4.498929023742676,0.3244690001010895,1.9646105556603288e-05,0.0,0.42920367320510344,60.7836810000008
209,3344,59,1.2414270661778715,-1.2414270661778715,3.6875,4.85625,-0.001131595200516718,4.304623126983643,0.37268346548080444,7.979613959226603e-06,0.0,0.42920367320510344,61.00481640000362
210,3360,64,3.4469027549038276,-3.4469027549038276,4,5.956696428571428,-0.0009426806742946307,10.416255315144857,0.4543782075246175,9.845010936260223e-06,0.0,0.42920367320510344,61.24773229996208
211,3376,66,1.9380532140544655,-1.9380532140544655,4.125,5.120833333333334,-0.0012826197227990832,2.331625541051229,0.44967830181121826,1.2000401511613745e-05,0.0,0.42920367320510344,61.5103650999954
212,3392,74,3.0719027549038276,-3.0719027549038276,4.625,3.9973958333333335,-0.0004779095132209458,3.766577959060669,0.442613164583842,5.87528635757432e-06,0.0,0.42920367320510344,61.78691199992318
213,3408,64,3.4651550506570175,-3.4651550506570175,4,4.917857142857143,-0.002201941485206286,7.621211210886638,0.33694227536519367,3.958326609184345e-05,0.0,0.42920367320510344,62.02085599990096
214,3424,63,1.9565821168348885,-1.9565821168348885,3.9375,5.11875,-0.002152380189814155,3.008678913116455,0.42038455605506897,1.3219142753465954e-05,0.0,0.42920367320510344,62.25520629994571
215,3440,60,2.3744467859455347,-2.3744467859455347,3.75,5.134375,-0.002785189372176866,11.310613950093588,0.3602873782316844,2.756946590428318e-05,0.0,0.42920367320510344,62.49266029999126
216,3456,68,5.991427066177871,-5.991427066177871,4.25,6.2230654761904765,-0.0027055204800311796,12.931986172993978,0.5127307971318563,3.165856711954499e-05,0.0,0.42920367320510344,62.7477456999477
217,3472,71,3.5439710972195773,-3.5439710972195773,4.4375,4.766815476190477,-0.0018919809872258349,8.194851239522299,0.35464518268903095,1.8640565031091683e-05,0.0,0.42920367320510344,63.00799019995611
218,3488,56,1.8525995408493623,-1.8525995408493623,3.5,4.808333333333334,-0.0008442501227060953,3.027822573979696,0.3342784841855367,3.5931312443911643e-06,0.0,0.42920367320510344,63.22480659990106
219,3504,57,1.34375,-1.34375,3.5625,6.208333333333333,-0.0005578158152008683,2.643399238586426,0.24388620257377625,2.4113738466742993e-06,0.0,0.42920367320510344,63.43829660001211
220,3520,63,2.3622789027804227,-2.3622789027804227,3.9375,5.886904761904762,-0.003986312378266632,3.5118700663248696,0.38943426807721454,2.303739165654406e-05,0.0,0.42920367320510344,63.67220659996383
221,3536,70,3.5,-3.5,4.375,4.742633928571428,-0.0021705639071851004,15.812492370605469,0.37435882290204364,2.866529302991694e-05,0.0,0.42920367320510344,63.92569599999115
222,3552,71,3.487832116834888,-3.487832116834888,4.4375,4.563095238095238,-0.0015573367468810773,7.171756426493327,0.38376764456431073,1.2105339768216558e-05,0.0,0.42920367320510344,64.17952020000666
223,3568,71,3.9870022957531894,-3.9870022957531894,4.4375,4.48125,-0.0010362133070032087,14.931625048319498,0.42020735144615173,6.343697274739195e-06,0.0,0.42920367320510344,64.42894629994407
224,3584,63,2.1440821168348885,-2.1440821168348885,3.9375,5.209573412698413,-0.0016282546092514967,3.4083944161732993,0.46714935700098675,1.0415517560128743e-05,0.0,0.42920367320510344,64.65883319999557
225,3600,63,2.6252766070272333,-2.6252766070272333,3.9375,5.567013888888889,-0.0006975878449526629,5.3159104983011884,0.4118975102901459,4.3705736061383504e-06,0.0,0.42920367320510344,64.89476139994804
226,3616,62,3.325221097219578,-3.325221097219578,3.875,5.559375,-0.0028209596952445772,8.511126518249512,0.3389307955900828,2.929023442751107e-05,0.0,0.42920367320510344,65.12346519995481
227,3632,65,2.4507743112740434,-2.4507743112740434,4.0625,5.5598214285714285,-0.0006291493579434851,5.681320349375407,0.4029282331466675,3.7387776501418557e-06,0.0,0.42920367320510344,65.3628602999961
228,3648,70,3.2331307393829745,-3.2331307393829745,4.375,5.095238095238095,-0.001777683607568692,7.955035209655762,0.4207035005092621,1.069427980837645e-05,0.0,0.42920367320510344,65.62633869994897
229,3664,65,2.5630532140544653,-2.5630532140544653,4.0625,4.716666666666667,-0.0020188936026384794,5.254984696706136,0.38421469926834106,2.0379973951397307e-05,0.0,0.42920367320510344,65.88939319993369
230,3680,70,2.8620022957531903,-2.8620022957531903,4.375,5.377976190476191,-0.00039610664271509205,5.447805563608806,0.4231341977914174,3.2719400830198233e-06,0.0,0.42920367320510344,66.15398659999482
231,3696,54,1.7638275253285087,-1.7638275253285087,3.375,6.095833333333333,-0.0010620937237148336,4.468667189280192,0.3037039240201314,5.351908460700845e-06,0.0,0.42920367320510344,66.36782889999449
232,3712,59,2.3443032140544657,-2.3443032140544657,3.6875,4.86875,-0.0004239924407253663,4.163593928019206,0.3366313676039378,3.17889858555039e-06,0.0,0.42920367320510344,66.59616429999005
233,3728,70,2.5398229338221303,-2.5398229338221303,4.375,5.41875,-0.0003098868141284683,3.635585308074951,0.4138676921526591,1.7523544026213738e-06,0.0,0.42920367320510344,66.85043140000198
234,3744,67,2.210453673205103,-2.210453673205103,4.1875,4.8546875,-0.001469567612123986,3.5018057028452554,0.4237251778443654,6.99642873769335e-06,0.0,0.42920367320510344,67.09618869994301
235,3760,60,2.8044802802323363,-2.8044802802323363,3.75,6.127083333333333,-0.0016208112136357016,10.777187983194986,0.3576840062936147,2.1519108183080487e-05,0.0,0.42920367320510344,67.32093469996471
236,3776,60,1.267975688725957,-1.267975688725957,3.75,5.464583333333334,-0.0005414287249247233,3.2094531059265137,0.3742498457431793,9.848591162153753e-06,0.0,0.42920367320510344,67.5457013999112
237,3792,57,2.545630739382974,-2.545630739382974,3.5625,5.1,-0.0004323512742606302,7.863834698994954,0.3338859478632609,5.256341182757751e-06,0.0,0.42920367320510344,67.76462649996392
238,3808,57,2.2464050506570175,-2.2464050506570175,3.5625,6.079166666666667,-0.002293320003031359,5.829601287841797,0.36242781082789105,1.7101283143953577e-05,0.0,0.42920367320510344,67.9815853999462
239,3824,52,1.0710729338221292,-1.0710729338221292,3.25,5.89375,-2.684310330103301e-05,1.5310105085372925,0.3226124445597331,1.7664563074504258e-06,0.0,0.42920367320510344,68.1899315000046
240,3840,64,2.1969027549038276,-2.1969027549038276,4,5.184077380952381,-0.0008987250427405039,2.6120027701059976,0.3952370782693227,5.26774723160391e-06,0.0,0.42920367320510344,68.42989049991593
241,3856,70,2.209900459150638,-2.209900459150638,4.375,4.767708333333333,-0.0006269721807689402,3.3889218966166177,0.33959763248761493,6.9968580949838115e-06,0.0,0.42920367320510344,68.68621610000264
242,3872,58,2.4474559689582933,-2.4474559689582933,3.625,7.086458333333334,-0.001741951525521775,2.5810814698537192,0.3839908142884572,1.5667200689980138e-05,0.0,0.42920367320510344,68.91001019999385
243,3888,66,2.285674770424681,-2.285674770424681,4.125,4.91875,-0.0010070566027990206,7.8902363777160645,0.3086829384167989,8.935090136219515e-06,0.0,0.42920367320510344,69.15523129992653
244,3904,71,2.728152754903828,-2.728152754903828,4.4375,4.975,-0.000996528084317679,2.166661500930786,0.41629618406295776,9.310742219289144e-06,0.0,0.42920367320510344,69.42067019990645
245,3920,61,2.353705968958293,-2.353705968958293,3.8125,4.85,-0.0014971435480989708,3.14582896232605,0.31046847502390545,1.191612985470177e-05,0.0,0.42920367320510344,69.6627416999545
246,3936,61,2.4958518366025517,-2.4958518366025517,3.8125,5.334970238095238,-0.008571345109716392,4.1868470509847,0.35515114665031433,0.00013761849550064653,0.0,0.42920367320510344,69.90132319997065
247,3952,70,3.0896018366025517,-3.0896018366025517,4.375,4.90952380952381,-0.0020064240066511494,3.8152786095937095,0.3376184900601705,2.7318050342728384e-05,0.0,0.42920367320510344,70.15256929991301
248,3968,66,2.73700229575319,-2.73700229575319,4.125,4.619791666666667,-0.00035091270451559353,5.130584716796875,0.3786642750104268,1.25199861334598e-05,0.0,0.42920367320510344,70.39900929993019
249,3984,57,2.781526607027233,-2.781526607027233,3.5625,5.616517857142857,-0.0024630464974257174,5.192429860432942,0.3412518799304962,1.3660617241839645e-05,0.0,0.42920367320510344,70.6189079999458
250,4000,75,2.7898229338221294,-2.7898229338221294,4.6875,4.980208333333334,-0.00260137639732827,5.614057858784993,0.33063805103302,3.6300653543245666e-05,0.0,0.42920367320510344,70.8939560999861
251,4016,59,2.887997704246811,-2.887997704246811,3.6875,5.165625,-0.002605663408593658,8.25510025024414,0.32975947856903076,3.2138183693556734e-05,0.0,0.42920367320510344,71.12290680001024
252,4032,67,2.8501110196153108,-2.8501110196153108,4.1875,4.675347222222222,-0.0016983023373207118,3.426444927851359,0.4350009063879649,2.1751543802868884e-05,0.0,0.42920367320510344,71.36467449995689
253,4048,59,3.0666481633974483,-3.0666481633974483,3.6875,5.673214285714286,-0.0007258411273255069,8.085556348164877,0.36191366116205853,2.2149244917576045e-05,0.0,0.42920367320510344,71.59851119993255
254,4064,69,3.1073009183012763,-3.1073009183012763,4.3125,4.836383928571428,-0.0012540627028544786,11.093896547953287,0.2587829331556956,6.1170345967790736e-06,0.0,0.42920367320510344,71.84427060000598
255,4080,62,2.1294247704246816,-2.1294247704246816,3.875,5.997916666666667,-0.0016861686380380547,5.249936103820801,0.3532806932926178,2.6723069822764955e-05,0.0,0.42920367320510344,72.08131069992669
256,4096,61,2.9601770661778706,-2.9601770661778706,3.8125,5.972321428571429,-0.0006399298019331331,11.613654454549154,0.4240085581938426,3.878698862536112e-06,0.0,0.42920367320510344,72.3180502000032
257,4112,69,2.9115045915063797,-2.9115045915063797,4.3125,4.927083333333333,-0.001958160819755861,7.729688962300618,0.4321620762348175,2.1439819950804424e-05,0.0,0.42920367320510344,72.56930019997526
258,4128,60,2.2500000000000004,-2.2500000000000004,3.75,4.929166666666667,-0.00042110350590925566,2.3435765902201333,0.36040059725443524,3.682242625776174e-06,0.0,0.42920367320510344,72.78847739996854
259,4144,67,2.0539270661778715,-2.0539270661778715,4.1875,5.015625,-0.0008720046712028898,2.4626983801523843,0.42865702509880066,3.7937913172451467e-06,0.0,0.42920367320510344,73.03568199998699
260,4160,65,3.2361724746714913,-3.2361724746714913,4.0625,5.798214285714286,-0.00316431708036898,8.95612621307373,0.37794483701388043,5.892942923916659e-05,0.0,0.42920367320510344,73.27735210000537
261,4176,73,3.6344027549038276,-3.6344027549038276,4.5625,5.58452380952381,-0.0004716632786987418,5.568380991617839,0.3703639904658,2.4538606263983334e-06,0.0,0.42920367320510344,73.55217669997364
262,4192,68,4.915652754903828,-4.915652754903828,4.25,4.747916666666667,-0.0028501205858500653,30.051889419555664,0.38296201825141907,5.0424727305653505e-05,0.0,0.42920367320510344,73.80897539993748
263,4208,60,3.1877766070272333,-3.1877766070272333,3.75,5.563541666666667,-0.002570420824405358,5.948594888051351,0.3167658547560374,4.269281998858787e-05,0.0,0.42920367320510344,74.04242289997637
264,4224,74,2.7724004591506386,-2.7724004591506386,4.625,4.61264880952381,-0.0010872123199766233,4.91749890645345,0.4334683020909627,4.410475109276983e-06,0.0,0.42920367320510344,74.3052752999356
265,4240,73,3.692201377451914,-3.692201377451914,4.5625,4.503571428571429,-0.0019773193677572465,5.793756167093913,0.39409398039182025,1.419570374613007e-05,0.0,0.42920367320510344,74.57013209990691
266,4256,61,2.754424770424681,-2.754424770424681,3.8125,4.524107142857143,-0.0025773654536654553,10.035877227783203,0.32984670996665955,6.94648145630102e-05,0.0,0.42920367320510344,74.79689899994992
267,4272,63,1.7912059689582938,-1.7912059689582938,3.9375,4.741666666666666,-0.001958273096803372,3.5018348693847656,0.4337405463059743,3.3003628838438694e-05,0.0,0.42920367320510344,75.03336319990922
268,4288,68,2.6648229338221294,-2.6648229338221294,4.25,5.165922619047619,-0.0010525253989423315,3.0490564505259194,0.33766263723373413,1.3366944131121272e-05,0.0,0.42920367320510344,75.29246739996597
269,4304,70,3.205199081698725,-3.205199081698725,4.375,5.354166666666667,-0.0016667241019951244,6.358248074849446,0.3522041042645772,2.3516445101752954e-05,0.0,0.42920367320510344,75.55683609994594
270,4320,54,1.660674770424681,-1.660674770424681,3.375,6.847619047619047,-0.0023275146830001128,6.15117883682251,0.3136760691801707,3.3365906650336306e-05,0.0,0.42920367320510344,75.77442779997364
271,4336,70,2.4021018366025513,-2.4021018366025513,4.375,5.317113095238096,-0.00034893161112758975,4.585884094238281,0.3527769247690837,1.434183540519977e-06,0.0,0.42920367320510344,76.03648239991162
272,4352,64,2.254701377451914,-2.254701377451914,4,4.441443452380953,-0.000624010960261027,8.321199099222818,0.3973311980565389,4.0978193283081055e-06,0.0,0.42920367320510344,76.27500019990839
273,4368,61,2.5129977042468106,-2.5129977042468106,3.8125,5.033333333333333,-0.0008314514743889371,2.2434357007344565,0.3339090744654338,4.630922527818863e-06,0.0,0.42920367320510344,76.49738959991373
274,4384,62,3.1875,-3.1875,3.875,6.966666666666667,-0.001556994491106541,8.763936996459961,0.34910765290260315,2.1137737652073458e-05,0.0,0.42920367320510344,76.73565789998975
275,4400,57,1.692201377451914,-1.692201377451914,3.5625,6.147916666666667,-0.0013703360162372984,3.134643236796061,0.3689972758293152,7.6175435121209984e-06,0.0,0.42920367320510344,76.95584139996208
276,4416,59,2.6073009183012763,-2.6073009183012763,3.6875,5.742708333333333,-0.00041816125546271604,4.071839650472005,0.2514406045277913,3.570553947914353e-06,0.0,0.42920367320510344,77.18666419992223
277,4432,75,3.3077986225480864,-3.3077986225480864,4.6875,4.3324404761904765,-0.0006821844400839439,5.059430122375488,0.3699902792771657,4.564231858239509e-06,0.0,0.42920367320510344,77.45667809993029
278,4448,62,2.999446785945535,-2.999446785945535,3.875,4.8,-0.005946260221021997,3.6442845662434897,0.33835988243420917,0.00010737520885110523,0.0,0.42920367320510344,77.70094859995879
279,4464,62,1.7325775253285092,-1.7325775253285092,3.875,5.166815476190476,-0.0006000463577281087,5.30382506052653,0.3322983980178833,1.2136755534205198e-05,0.0,0.42920367320510344,77.94149569992442
280,4480,69,1.9513275253285087,-1.9513275253285087,4.3125,4.483184523809523,-0.00028807011708783153,2.992405335108439,0.3886466125647227,2.1309740532160504e-06,0.0,0.42920367320510344,78.20493219990749
281,4496,59,2.8525995408493623,-2.8525995408493623,3.6875,5.747916666666667,-0.0005450235248285473,6.1453196207682295,0.328987717628479,7.237123327286099e-06,0.0,0.42920367320510344,78.4370699999854
282,4512,60,2.3174779844791478,-2.3174779844791478,3.75,5.123214285714286,-0.001060232195434126,2.436023553212484,0.42456615964571637,8.795410091503678e-06,0.0,0.42920367320510344,78.66391449992079
283,4528,62,2.586006887259569,-2.586006887259569,3.875,6.63125,-0.0008654357347216054,5.418662389119466,0.3852207362651825,4.527008930684436e-06,0.0,0.42920367320510344,78.9038846999174
284,4544,48,0.4330752295753191,-0.4330752295753191,3,6.515625,-0.000979688613571857,2.5403733253479004,0.27350516120592755,5.926729803225801e-06,0.0,0.42920367320510344,79.10586729994975
285,4560,68,3.534568342315751,-3.534568342315751,4.25,5.606547619047619,-0.0019597322680056095,9.519719441731771,0.3135049839814504,2.5225164487589307e-05,0.0,0.42920367320510344,79.35853209998459
286,4576,64,1.7547013774519142,-1.7547013774519142,4,4.959375,-0.00034463219344615936,3.9148475329081216,0.27178412675857544,3.2254417116443315e-06,0.0,0.42920367320510344,79.5996905999491
287,4592,67,3.4059733929727676,-3.4059733929727676,4.1875,4.8375,-0.0004074087236725828,5.860911687215169,0.32001469532648724,4.776229919419468e-06,0.0,0.42920367320510344,79.85064199997578
288,4608,72,3.13357293382213,-3.13357293382213,4.5,4.850892857142857,-0.0011231363945019741,8.689775149027506,0.3424305021762848,4.961051899954327e-06,0.0,0.42920367320510344,80.12882220000029
289,4624,68,3.2065821168348885,-3.2065821168348885,4.25,5.328273809523809,-0.008601653435285813,4.390207767486572,0.39544283350308734,0.0001816885451262351,0.004901960802574952,0.42920367320510344,80.37839359999634
290,4640,62,2.8708518366025517,-2.8708518366025517,3.875,4.871354166666666,-0.0008538871614251301,10.520673751831055,0.31589553753534955,3.055859679079731e-06,0.0,0.42920367320510344,80.60859039996285
291,4656,71,3.098174770424681,-3.098174770424681,4.4375,4.800892857142857,-0.00047814341340135513,2.744887034098307,0.3701232274373372,3.461931404065884e-06,0.0,0.42920367320510344,80.87082449998707
292,4672,70,5.36532063806894,-5.36532063806894,4.375,5.368154761904762,-0.0037797547965533105,25.67908223470052,0.3461025456587474,8.21979998969861e-05,0.0,0.42920367320510344,81.14217619993724
293,4688,69,3.4861724746714913,-3.4861724746714913,4.3125,5.158333333333333,-0.0010731182882791994,6.464242140452067,0.2196535219748815,1.705187924017082e-05,0.0,0.42920367320510344,81.41815679997671
294,4704,59,2.139104132355741,-2.139104132355741,3.6875,4.922916666666667,-0.0016419018531944236,2.8411142826080322,0.39279629786809284,7.503113768810484e-06,0.0,0.42920367320510344,81.69422079995275
295,4720,61,1.8354536732051034,-1.8354536732051034,3.8125,4.633333333333333,-0.0012970035743033275,4.446712493896484,0.30994882186253864,9.199064758528644e-06,0.0,0.42920367320510344,81.95099919999484
296,4736,66,2.1924779844791464,-2.1924779844791464,4.125,5.223214285714286,-0.0018836174729385629,5.4747633934021,0.36825963854789734,2.332185977138579e-05,0.0,0.42920367320510344,82.21503709990066
297,4752,60,2.0495022957531894,-2.0495022957531894,3.75,4.848958333333333,-0.0008737259531496436,3.142528533935547,0.3068315585454305,4.468361491187049e-06,0.0,0.42920367320510344,82.44336689996999
298,4768,68,1.9422013774519138,-1.9422013774519138,4.25,4.803125,-0.00037601985169721797,3.922241687774658,0.2845115860303243,1.212253266658081e-06,0.0,0.42920367320510344,82.71676949993707
299,4784,62,2.4333518366025517,-2.4333518366025517,3.875,5.182440476190476,-0.0010222993717245998,5.336819330851237,0.37395502130190533,5.085982744882737e-06,0.0,0.42920367320510344,82.96086799993645
300,4800,65,3.6172568872595696,-3.6172568872595696,4.0625,4.632291666666666,-0.0005150685043566009,9.401139895121256,0.3549314836661021,9.69749423044656e-06,0.0,0.42920367320510344,83.20368839998264
301,4816,64,2.098174770424681,-2.098174770424681,4,7.004166666666666,-0.000718491772810618,3.26053516070048,0.44211621085802716,6.185844540596008e-06,0.0,0.42920367320510344,83.45686379994731
302,4832,83,3.822179361931061,-3.822179361931061,5.1875,4.259672619047619,-0.0005381777630108312,7.52364444732666,0.3963676194349925,5.397092839605951e-06,0.0,0.42920367320510344,83.75300989998505
303,4848,66,2.5760509183012763,-2.5760509183012763,4.125,5.256597222222222,-0.001984657016535607,5.431100845336914,0.37593897183736164,1.3853752079739934e-05,0.0,0.42920367320510344,83.99898479995318
304,4864,70,3.1521018366025517,-3.1521018366025517,4.375,5.423735119047619,-0.0008025646287327012,4.9069186846415205,0.37071985999743146,1.0169146662519779e-05,0.0,0.42920367320510344,84.25217749993317
305,4880,74,3.278208264711483,-3.278208264711483,4.625,5.06217757936508,-0.0012819605673920857,3.613694747289022,0.40555768211682636,1.1214835315816648e-05,0.0,0.42920367320510344,84.51560049992986
306,4896,62,2.053650459150638,-2.053650459150638,3.875,4.914434523809524,-0.0013747050411877144,2.607215960820516,0.3851788143316905,1.410887580277631e-05,0.0,0.42920367320510344,84.74149049993139
307,4912,61,1.8481747704246807,-1.8481747704246807,3.8125,5.896130952380952,-0.0012763028524185316,3.3519346714019775,0.3522209624449412,9.553430269685729e-06,0.0,0.42920367320510344,84.97095419990364
308,4928,73,3.7107302802323368,-3.7107302802323368,4.5625,4.823958333333334,-0.0006097246099106002,4.131702582041423,0.41986613472302753,9.111737047836263e-06,0.0,0.42920367320510344,85.24622039997485
309,4944,64,2.7323009183012763,-2.7323009183012763,4,4.449553571428572,-0.0004956101377805074,5.945449193318685,0.35537488261858624,6.057719777648647e-06,0.0,0.42920367320510344,85.48873029998504
310,4960,65,2.3083518366025517,-2.3083518366025517,4.0625,5.773511904761905,-0.001417442322828144,3.5018932024637857,0.33376195033391315,8.335790653291042e-06,0.0,0.42920367320510344,85.75558969995473
311,4976,67,1.9427545915063795,-1.9427545915063795,4.1875,5.465625,-0.00014730531483368262,3.3337836265563965,0.3992985089619954,4.801621268294791e-06,0.0,0.42920367320510344,86.01708089991007
312,4992,68,2.500276607027233,-2.500276607027233,4.25,5.590327380952381,-0.0016384387945792926,3.873542149861654,0.3950229088465373,1.4133203573389133e-05,0.0,0.42920367320510344,86.26951239991467
313,5008,62,1.6792036732051043,-1.6792036732051043,3.875,5.029166666666667,-0.0006567121305636192,2.4349335034688315,0.3707889914512634,5.610447412133605e-06,0.0,0.42920367320510344,86.50201249995735
314,5024,57,1.8307522957531897,-1.8307522957531897,3.5625,5.360416666666667,-0.0006573576720469987,4.061482111612956,0.37328436970710754,6.75774223661089e-06,0.0,0.42920367320510344,86.72003219998442
315,5040,71,2.5978981633974483,-2.5978981633974483,4.4375,4.924702380952381,-0.0002949215380745329,3.7716556390126548,0.34096107880274457,2.288482581510228e-06,0.0,0.42920367320510344,86.97488039999735
316,5056,66,2.996405050657017,-2.996405050657017,4.125,5.057291666666667,-0.0003180326258934348,6.8678404490153,0.3499399622281392,3.984931709055672e-06,0.0,0.42920367320510344,87.2205219999887
317,5072,65,2.2417036732051034,-2.2417036732051034,4.0625,5.963095238095238,-0.0015228222386959682,3.481048663457235,0.4380638102690379,7.953467426583908e-06,0.0,0.42920367320510344,87.46371419995558
318,5088,55,2.2464050506570175,-2.2464050506570175,3.4375,6.1359375,-0.003434546143663416,8.91965421040853,0.3102315564950307,6.886506283384126e-05,0.0,0.42920367320510344,87.67249059991445
319,5104,69,3.057522015520854,-3.057522015520854,4.3125,5.514583333333333,-0.0011550585322019913,9.004484176635742,0.2877038319905599,9.487810226952812e-06,0.0,0.42920367320510344,87.9355659999419
320,5120,64,3.3263275253285087,-3.3263275253285087,4,5.574107142857143,-0.0012437626719474792,6.476903120676677,0.32492034633954364,2.6847269812909264e-05,0.0,0.42920367320510344,88.18840109999292
321,5136,64,2.5890486225480864,-2.5890486225480864,4,4.678125,-0.000230398029088974,5.29628849029541,0.4013531406720479,2.255430445075035e-06,0.0,0.42920367320510344,88.42551659990568
322,5152,69,2.535951377451914,-2.535951377451914,4.3125,4.83125,-0.0017353135098113388,3.2072201569875083,0.3771725495656331,1.7904357264342252e-05,0.0,0.42920367320510344,88.68164099997375
323,5168,66,2.022677066177871,-2.022677066177871,4.125,4.973958333333333,-0.0022840390906135135,5.034554481506348,0.35402647654215497,3.530348415855163e-05,0.0,0.42920367320510344,88.93111239990685
324,5184,59,2.7057522957531903,-2.7057522957531903,3.6875,5.766666666666667,-0.00015881808907429,3.434962352116903,0.30065598090489704,2.1526390128201456e-06,0.0,0.42920367320510344,89.15806970000267
325,5200,61,3.142975688725958,-3.142975688725958,3.8125,5.376041666666667,-0.0011231553905564813,8.692994435628256,0.28168872992197674,4.792066799078991e-06,0.0,0.42920367320510344,89.40777379996143
326,5216,62,2.0486724746714913,-2.0486724746714913,3.875,5.271875,-0.00025045967542543696,4.244872570037842,0.3119930326938629,3.556530524898941e-06,0.0,0.42920367320510344,89.68010669993237
327,5232,67,2.9109513774519145,-2.9109513774519145,4.1875,4.805208333333334,-0.004533136856570752,6.4312411944071455,0.3332895239194234,0.0001595453213667497,0.004975124262273312,0.42920367320510344,89.94352709990926
328,5248,67,2.7986724746714917,-2.7986724746714917,4.1875,5.4400297619047615,-0.0003917970377789552,4.906741142272949,0.3266854484875997,2.531937108566732e-06,0.0,0.42920367320510344,90.19826909992844
329,5264,63,2.655973392972767,-2.655973392972767,3.9375,5.2,-0.000748991009362617,4.164899826049805,0.3588988582293193,5.059772092863568e-06,0.0,0.42920367320510344,90.43646749993786
330,5280,59,1.5091261478765947,-1.5091261478765947,3.6875,5.059375,-0.0004488721479711799,3.7969197432200112,0.32341042160987854,3.994858161604498e-06,0.0,0.42920367320510344,90.66355439997278
331,5296,69,2.4460729338221294,-2.4460729338221294,4.3125,5.467708333333333,-0.001170456697961934,6.646142323811849,0.3763185739517212,8.893113620918788e-06,0.0,0.42920367320510344,90.91501619992778
332,5312,65,2.813329821081698,-2.813329821081698,4.0625,4.7375,-0.001373860110433019,3.357214371363322,0.34820497035980225,2.1139321991843946e-05,0.0,0.42920367320510344,91.15720899996813
333,5328,70,1.9466261478765952,-1.9466261478765952,4.375,4.397172619047619,-0.0005272303150765841,3.1689165433247886,0.37646059195200604,4.8524211706535425e-06,0.0,0.42920367320510344,91.40971679997165
334,5344,58,1.3437500000000004,-1.3437500000000004,3.625,5.396875,-0.0032367756531369216,3.2982089519500732,0.2561848660310109,4.957804715862343e-05,0.0,0.42920367320510344,91.62425009999424
335,5360,69,3.079922474671492,-3.079922474671492,4.3125,4.375520833333334,-0.0031396623403914248,10.212974230448404,0.2511308491230011,4.580376662488561e-05,0.0,0.42920367320510344,91.86963430000469
336,5376,80,3.7732302802323368,-3.7732302802323368,5,4.061011904761905,-0.0004836174290782462,5.569129625956218,0.3925175567468007,4.915210032171065e-06,0.0,0.42920367320510344,92.15170439996291
337,5392,63,2.286781198533612,-2.286781198533612,3.9375,5.360416666666667,-0.0013474985401552193,2.0072051684061685,0.3214867115020752,1.076786278038829e-05,0.0,0.42920367320510344,92.38065740000457
338,5408,58,2.4386064281089315,-2.4386064281089315,3.625,4.842708333333333,-0.0019433518681653734,2.326094150543213,0.37953270475069684,5.0737840865622275e-05,0.0,0.42920367320510344,92.59913109999616
339,5424,68,1.687223392972768,-1.687223392972768,4.25,4.0339285714285715,-0.0013203447360508787,1.8382762670516968,0.28790201743443805,9.075245240334576e-06,0.0,0.42920367320510344,92.84899450000376
340,5440,63,2.982854132355741,-2.982854132355741,3.9375,5.336011904761905,-0.0052851495855344615,5.325140953063965,0.3910950720310211,0.00010594741494666475,0.0,0.42920367320510344,93.08891559997573
341,5456,61,2.3974004591506377,-2.3974004591506377,3.8125,4.860863095238095,-0.0009891807840875326,4.942108949025472,0.33737677335739136,2.9522626391553786e-05,0.0,0.42920367320510344,93.31780640000943
342,5472,71,3.3744467859455347,-3.3744467859455347,4.4375,5.252380952380952,-0.00130722836860168,8.207456270853678,0.3494038184483846,8.069643172348151e-06,0.0,0.42920367320510344,93.60162440000568
343,5488,71,3.058351836602552,-3.058351836602552,4.4375,4.861979166666667,-0.0014772168655786306,3.402880589167277,0.2979915340741475,1.2615512484141314e-05,0.0,0.42920367320510344,93.88005979999434
344,5504,63,1.9339050506570175,-1.9339050506570175,3.9375,4.608333333333333,-0.0009724706021465579,2.168878714243571,0.24540301660696665,5.655976262157007e-06,0.0,0.42920367320510344,94.12247860000934
345,5520,62,2.745575229575319,-2.745575229575319,3.875,5.306770833333333,-0.00019122451762558038,2.461185852686564,0.23511039217313132,3.218009775688794e-06,0.0,0.42920367320510344,94.35194029996637
346,5536,63,3.004424770424681,-3.004424770424681,3.9375,4.782291666666667,-0.0011201131843746974,3.758315404256185,0.39404428998629254,1.1488243065590117e-05,0.0,0.42920367320510344,94.58137869997881
347,5552,66,2.3708518366025517,-2.3708518366025517,4.125,4.80141369047619,-0.0013426689717993174,5.898679733276367,0.27297940850257874,9.740542888418227e-06,0.0,0.42920367320510344,94.81826659990475
348,5568,48,1.3655972450961724,-1.3655972450961724,3,6.614583333333333,-0.0015808054013177752,2.0487632751464844,0.22794947028160095,1.3051450726682864e-05,0.0,0.42920367320510344,95.01576919993386
349,5584,63,1.741703673205103,-1.741703673205103,3.9375,5.00625,-0.0018278946434815424,7.274689197540283,0.34239448110262555,2.534600783595427e-05,0.0,0.42920367320510344,95.25858439994045
350,5600,60,2.267699081698724,-2.267699081698724,3.75,5.15,-0.0008285297171418312,7.078755855560303,0.32575151324272156,5.23196338993633e-06,0.0,0.42920367320510344,95.49520429992117
351,5616,65,2.4560289027804223,-2.4560289027804223,4.0625,5.6102678571428575,-0.00046910201975454885,4.324423313140869,0.28311484058698017,7.4267101505635464e-06,0.0,0.42920367320510344,95.74660279997624
352,5632,67,1.4195243112740434,-1.4195243112740434,4.1875,4.930059523809524,-0.0013885530498368344,2.8426593939463296,0.4394710560639699,9.954272021180563e-06,0.0,0.42920367320510344,95.99679519992787
353,5648,60,1.785674770424681,-1.785674770424681,3.75,5.326041666666667,-0.0002482584286352581,3.234224875768026,0.2837857206662496,4.213717223440956e-06,0.0,0.42920367320510344,96.23148109996691
354,5664,61,1.4109513774519145,-1.4109513774519145,3.8125,4.477380952380952,-0.0002482530256653348,2.661145051320394,0.3318546613057454,2.560556974155285e-06,0.0,0.42920367320510344,96.47136289998889
355,5680,62,3.053373852123405,-3.053373852123405,3.875,7.136904761904762,-0.0010197361479313827,8.673839569091797,0.22663486003875732,8.007251002103052e-06,0.0,0.42920367320510344,96.71056119992863
356,5696,69,2.697455968958293,-2.697455968958293,4.3125,5.709895833333333,-0.0011442087934880145,4.377082188924153,0.3820081055164337,1.7478341760579497e-05,0.0,0.42920367320510344,96.96822199993767
357,5712,74,2.8221793619310613,-2.8221793619310613,4.625,4.927083333333333,-0.0012991256159227877,3.9512229760487876,0.38787969946861267,9.230229049232245e-06,0.0,0.42920367320510344,97.25007159996312
358,5728,68,2.379701377451914,-2.379701377451914,4.25,4.1709821428571425,-0.0008703049639808095,1.9129059712092082,0.30502012372016907,8.889857629886441e-06,0.0,0.42920367320510344,97.50372259994037
359,5744,52,1.0047013774519145,-1.0047013774519145,3.25,5.35,-0.00021235702539949367,2.558417876561483,0.3053036828835805,6.724244182502541e-06,0.0,0.42920367320510344,97.72072849993128
360,5760,69,1.7818032140544664,-1.7818032140544664,4.3125,5.037053571428571,-0.0010238099631803739,1.8505674600601196,0.37799816330273944,6.796153077933316e-06,0.0,0.42920367320510344,97.98607799992897
361,5776,61,2.347898163397448,-2.347898163397448,3.8125,5.503125,-0.00036454840281407996,4.6058915456136065,0.24587631225585938,1.979574411355619e-06,0.0,0.42920367320510344,98.2138157999143
362,5792,57,1.6827986225480869,-1.6827986225480869,3.5625,5.852083333333334,-0.0011072967178324216,2.7403880755106607,0.3225468397140503,6.069412620490766e-06,0.0,0.42920367320510344,98.43454259994905
363,5808,65,2.0807522957531894,-2.0807522957531894,4.0625,5.201041666666667,-0.0002950888501707105,3.004230817159017,0.31879613796869916,3.7505459052529964e-06,0.0,0.42920367320510344,98.67153669998515
364,5824,64,3.535674770424681,-3.535674770424681,4,5.0625,-0.006318926500777404,11.279149373372396,0.37039726972579956,0.0003008019897000243,0.005208333333333333,0.42920367320510344,98.90891439991537
365,5840,62,1.5934733929727671,-1.5934733929727671,3.875,4.809375,-0.0006376370372655297,2.8140153090159097,0.32755131522814435,4.623951554094674e-06,0.0,0.42920367320510344,99.13863679999486
366,5856,70,3.9065266070272346,-3.9065266070272346,4.375,4.781175595238095,-0.001149111529368696,10.232369422912598,0.37984750668207806,6.487344535344164e-06,0.0,0.42920367320510344,99.38841139990836
367,5872,57,3.0226770661778706,-3.0226770661778706,3.5625,5.480208333333334,-0.001985335832173085,7.267428080240886,0.2539086937904358,1.6501641918390913e-05,0.0,0.42920367320510344,99.59966939990409
368,5888,73,3.499999999999999,-3.499999999999999,4.5625,5.300520833333334,-0.0008058912661894624,6.064421494801839,0.39144135514895123,5.159033738285264e-06,0.0,0.42920367320510344,99.86368760000914
369,5904,56,1.6778206380689396,-1.6778206380689396,3.5,6.35625,-0.0009180265090738734,4.902291774749756,0.2690700093905131,5.479724753361855e-06,0.0,0.42920367320510344,100.08688009995967
370,5920,67,3.02793165768425,-3.02793165768425,4.1875,5.174851190476191,-0.001812348588235461,6.912502924601237,0.31168776750564575,1.6985043657768983e-05,0.0,0.42920367320510344,100.34915149991866
371,5936,58,2.0135509183012763,-2.0135509183012763,3.625,5.578571428571428,-0.0008785923462545734,2.774191935857137,0.3196018934249878,1.2272733329155017e-05,0.0,0.42920367320510344,100.57365109992679
372,5952,68,3.0846238521234053,-3.0846238521234053,4.25,4.4211309523809526,-0.00014232186252479315,9.188192049662272,0.256345401207606,1.2455617479645298e-06,0.0,0.42920367320510344,100.81653969991021
373,5968,70,3.455475688725957,-3.455475688725957,4.375,5.146800595238095,-0.000579343525792512,3.106861432393392,0.38854915897051495,5.8368245845485944e-06,0.0,0.42920367320510344,101.0705336999381
374,5984,59,2.09375,-2.09375,3.6875,5.2941964285714285,-0.002805599399531881,3.4132824738820395,0.28929099440574646,5.598162048651526e-05,0.0,0.42920367320510344,101.29068410000764
375,6000,66,2.232577525328509,-2.232577525328509,4.125,5.594791666666667,-0.0007631143589144074,3.6708532174428306,0.3932501971721649,6.323012333571872e-06,0.0,0.42920367320510344,101.54640679992735
376,6016,63,3.0810289027804227,-3.0810289027804227,3.9375,4.838541666666667,-0.0004596384037371948,7.3503499031066895,0.26392318805058795,2.4726860298566558e-06,0.0,0.42920367320510344,101.78755959996488
377,6032,57,1.7544247704246811,-1.7544247704246811,3.5625,5.251636904761905,-0.0004983366513352886,4.16264533996582,0.3029698630174001,3.1517915886070114e-06,0.0,0.42920367320510344,102.00517119991127
378,6048,54,1.4065266070272326,-1.4065266070272326,3.375,7.193229166666667,-0.0015375724372764428,6.429473241170247,0.38259078065554303,9.761869932845002e-06,0.0,0.42920367320510344,102.23857449996285
379,6064,62,2.4336284436297846,-2.4336284436297846,3.875,5.915625,-0.0017797767650336027,3.4288531144460044,0.2457446108261744,2.002367606716386e-05,0.0,0.42920367320510344,102.48931139998604
380,6080,60,1.5851770661778706,-1.5851770661778706,3.75,6.091666666666667,-0.0006995505873218141,3.755162239074707,0.33626313010851544,4.703220459608322e-06,0.0,0.42920367320510344,102.72584689990617
381,6096,57,2.3702986225480864,-2.3702986225480864,3.5625,5.628125,-0.0008276889178281029,3.083677609761556,0.20653090874354044,4.945921925051759e-06,0.0,0.42920367320510344,102.9498855000129
382,6112,63,2.3982302802323363,-2.3982302802323363,3.9375,5.908184523809524,-0.001466746999458331,4.257907390594482,0.33306126793225604,1.87440443066104e-05,0.0,0.42920367320510344,103.195802000002
383,6128,63,3.0539270661778715,-3.0539270661778715,3.9375,5.993377976190477,-0.0011277091532339394,2.4675755500793457,0.2868502934773763,1.0013989140134072e-05,0.0,0.42920367320510344,103.43460529996082
384,6144,62,3.169524311274043,-3.169524311274043,3.875,5.680208333333334,-0.001342615793629302,5.236361980438232,0.22018670042355856,1.7234858357066212e-05,0.0,0.42920367320510344,103.67217229993548
385,6160,65,3.008849540849363,-3.008849540849363,4.0625,5.161160714285714,-0.0019657801991949477,7.213590145111084,0.30945510665575665,1.6638115084788296e-05,0.0,0.42920367320510344,103.92244359990582
386,6176,57,1.6695243112740437,-1.6695243112740437,3.5625,5.1154761904761905,-0.0023377297217385498,3.871877352396647,0.2184985081354777,2.7166297210593864e-05,0.0,0.42920367320510344,104.14652099995874
387,6192,61,1.4247789027804225,-1.4247789027804225,3.8125,5.64375,-0.0004817986562836533,3.8564182122548423,0.2660953601201375,9.636898539611138e-06,0.0,0.42920367320510344,104.39097559999209
388,6208,62,1.705475688725958,-1.705475688725958,3.875,5.154166666666667,8.676577272126451e-05,3.1206814448038735,0.33669430017471313,4.8702764464299735e-06,0.0,0.42920367320510344,104.63070619991049
389,6224,71,2.8216261478765947,-2.8216261478765947,4.4375,4.3775297619047615,-0.0013520085097601016,5.999417622884114,0.35269429286321,1.1700384675350506e-05,0.0,0.42920367320510344,104.8949733999325
390,6240,64,3.027378443629785,-3.027378443629785,4,5.461458333333334,-0.000719600667556127,5.46105941136678,0.30989553531010944,2.7328060241416097e-06,0.0,0.42920367320510344,105.1427568999352
391,6256,67,2.6745022957531903,-2.6745022957531903,4.1875,5.704613095238095,-0.0011939818206920805,2.176343043645223,0.3081407944361369,6.231761820648292e-06,0.0,0.42920367320510344,105.40515159990173
392,6272,74,2.839325229575319,-2.839325229575319,4.625,4.926785714285714,-0.0017381584007492752,9.187065442403158,0.3810101052125295,1.9881555696580715e-05,0.0,0.42920367320510344,105.68309329997282
393,6288,64,1.9825775253285087,-1.9825775253285087,4,5.578125,-0.0007423519467314085,2.9516541957855225,0.33520811796188354,3.58242565804782e-06,0.0,0.42920367320510344,105.92979349999223
394,6304,63,2.526825229575319,-2.526825229575319,3.9375,5.503125,-0.0010308475059913984,3.6417781511942544,0.32596486806869507,1.0128650501428638e-05,0.0,0.42920367320510344,106.1649687999161
395,6320,70,1.7995022957531894,-1.7995022957531894,4.375,5.367708333333334,-0.0014619475108615572,2.986609617869059,0.33846373359362286,1.08260416406362e-05,0.0,0.42920367320510344,106.42853829998057
396,6336,68,3.325774311274043,-3.325774311274043,4.25,4.716592261904762,-0.0015505143377345654,5.88147767384847,0.3730798065662384,1.4952232201418761e-05,0.0,0.42920367320510344,106.67733380000573
397,6352,71,2.861725688725957,-2.861725688725957,4.4375,4.891666666666667,-0.002374444288057257,6.536579449971517,0.30285974343617755,2.8509035776854336e-05,0.0,0.42920367320510344,106.94257760001346
398,6368,49,2.044524311274043,-2.044524311274043,3.0625,5.670833333333333,-0.004691033313671748,7.0392327308654785,0.23795432349046072,0.00013581173819450973,0.0,0.42920367320510344,107.13955409999471
399,6384,60,3.1468472450961724,-3.1468472450961724,3.75,6.173065476190476,-0.0010125643664249395,4.3856228192647295,0.28071679671605426,9.360221611132147e-06,0.0,0.42920367320510344,107.36916859995108
400,6400,66,2.8174779844791464,-2.8174779844791464,4.125,5.498958333333333,-0.0007023474403228628,5.667885939280192,0.2772570053736369,5.837195885760593e-06,0.0,0.42920367320510344,107.61457689991221
401,6416,64,2.0577986225480864,-2.0577986225480864,4,4.567708333333333,-0.0010211436698834102,3.035121281941732,0.2725663383801778,6.798344353834788e-06,0.0,0.42920367320510344,107.86199709994253
402,6432,68,1.6695243112740434,-1.6695243112740434,4.25,4.441964285714286,-0.0007708960831370367,3.531721591949463,0.32052235802014667,2.609127534469735e-06,0.0,0.42920367320510344,108.10716589994263
403,6448,59,1.4109513774519138,-1.4109513774519138,3.6875,6.064583333333333,-0.0014262933311665431,2.513215700785319,0.2325453907251358,1.1293228302141264e-05,0.0,0.42920367320510344,108.33602439996321
404,6464,68,3.63799770424681,-3.63799770424681,4.25,5.413541666666666,-0.0013440272191028353,9.146333376566568,0.29087190826733905,1.321148632390153e-05,0.0,0.42920367320510344,108.5863675000146
405,6480,67,2.4773229338221294,-2.4773229338221294,4.1875,5.229315476190476,-0.0004512528192132474,1.8353811899820964,0.25363169113794964,2.8767581928453487e-06,0.0,0.42920367320510344,108.83385219995398
406,6496,72,3.0273784436297846,-3.0273784436297846,4.5,4.813020833333334,-0.0012585780048673574,3.8440555731455484,0.31904969612757367,1.4067248230276164e-05,0.0,0.42920367320510344,109.09333249996416
407,6512,72,2.9065266070272333,-2.9065266070272333,4.5,4.704166666666667,-0.001167738299247656,2.7225611209869385,0.3481528361638387,1.1936778719245922e-05,0.0,0.42920367320510344,109.35609129990917
408,6528,64,2.1435289027804227,-2.1435289027804227,4,5.2875,-0.0009459285065531731,2.7911011377970376,0.25875917077064514,9.822271143396696e-06,0.0,0.42920367320510344,109.60972069995478
409,6544,60,2.4773229338221294,-2.4773229338221294,3.75,5.283333333333333,-0.002521765806401769,7.176207701365153,0.25416749715805054,3.472550118506964e-05,0.0,0.42920367320510344,109.84952549997251
410,6560,72,2.545630739382975,-2.545630739382975,4.5,4.932986111111111,-0.0017553225237255294,5.870927015940349,0.3088090121746063,1.9702173934395734e-05,0.0,0.42920367320510344,110.11777959996834
411,6576,59,1.6509954084936211,-1.6509954084936211,3.6875,5.2907738095238095,-0.0007699266507548153,2.8292895952860513,0.17146970331668854,4.726493746905665e-06,0.0,0.42920367320510344,110.34101540001575
412,6592,63,2.0721793619310604,-2.0721793619310604,3.9375,4.292708333333334,-0.0007375712135668048,2.472336769104004,0.23064232369263968,1.2985677585675148e-05,0.0,0.42920367320510344,110.57326639990788
413,6608,76,2.8354536732051034,-2.8354536732051034,4.75,5.2125,-0.00043586158758361176,3.6363179683685303,0.4225109815597534,8.003883976925863e-06,0.0,0.42920367320510344,110.85246480000205
414,6624,66,2.767975688725957,-2.767975688725957,4.125,6.079166666666667,-0.0005696367668199068,5.549057642618815,0.3286856710910797,9.110357647538573e-06,0.0,0.42920367320510344,111.10332270001527
415,6640,70,2.8573009183012763,-2.8573009183012763,4.375,4.621130952380953,-1.1694428810364125e-05,2.9701242446899414,0.2971145411332448,1.7989249272432062e-06,0.0,0.42920367320510344,111.36841309990268
416,6656,65,2.3434733929727676,-2.3434733929727676,4.0625,4.991666666666666,-0.00027258945979739363,3.5023554960886636,0.2346918781598409,9.803196689972538e-07,0.0,0.42920367320510344,111.6127453999361
417,6672,65,1.09375,-1.09375,4.0625,4.453125,-0.0004375087709220793,3.604459206263224,0.2670597235361735,2.0081893505145367e-06,0.0,0.42920367320510344,111.86754159990232
418,6688,61,1.9460729338221294,-1.9460729338221294,3.8125,6.553125,-0.0013726389460527362,4.949583212534587,0.38929933309555054,6.530250781603779e-06,0.0,0.42920367320510344,112.11029719992075
419,6704,69,1.821349540849362,-1.821349540849362,4.3125,4.307291666666667,-0.0009946281417692049,2.193103790283203,0.3826434512933095,8.968294423539191e-06,0.0,0.42920367320510344,112.36582989990711
420,6720,62,2.0445243112740434,-2.0445243112740434,3.875,6.021875,-0.001619962005255123,4.635218779246013,0.2567856212457021,1.80376046046149e-05,0.0,0.42920367320510344,112.60245899995789
421,6736,67,3.0984513774519145,-3.0984513774519145,4.1875,4.743452380952381,-0.0002528749300931092,4.986897945404053,0.2824006676673889,1.0656702822113099e-05,0.0,0.42920367320510344,112.85347919992637
422,6752,65,2.785951377451914,-2.785951377451914,4.0625,5.335416666666667,-0.0006790808973630528,3.798570235570272,0.43156615893046063,6.429487863594356e-06,0.0,0.42920367320510344,113.10419390001334
423,6768,66,3.623893571891069,-3.623893571891069,4.125,5.372916666666667,-0.0003498924985490722,6.380862871805827,0.33931251366933185,3.4986402776363925e-06,0.0,0.42920367320510344,113.34790499997325
424,6784,64,3.128871556370216,-3.128871556370216,4,6.207738095238096,-0.0006341918682058653,7.493406772613525,0.3294886847337087,6.1488535720855e-06,0.0,0.42920367320510344,113.59612090000883
425,6800,70,2.1266596421633968,-2.1266596421633968,4.375,4.559375,-0.00099125689982138,3.3168373902638755,0.36000744501749676,6.638157022583376e-06,0.0,0.42920367320510344,113.86340759997256
426,6816,71,2.8523229338221308,-2.8523229338221308,4.4375,4.679513888888889,-0.0014551021278936815,5.218000888824463,0.3394460479418437,1.4482258544982566e-05,0.0,0.42920367320510344,114.12274869997054
427,6832,59,1.901272015520854,-1.901272015520854,3.6875,6.016666666666667,-6.611064600292593e-05,4.853188832600911,0.3423856198787689,1.533114811991254e-06,0.0,0.42920367320510344,114.35076029994525
428,6848,58,2.107300918301276,-2.107300918301276,3.625,4.6467261904761905,-0.0009962875367914847,3.3651463985443115,0.33365799983342487,5.0684500365605345e-06,0.0,0.42920367320510344,114.57566719991155
429,6864,55,1.1786504591506382,-1.1786504591506382,3.4375,5.255208333333333,-0.0009775263116214756,2.356207847595215,0.15889321267604828,7.069382036206662e-06,0.0,0.42920367320510344,114.79087659996003
430,6880,68,2.4236724746714913,-2.4236724746714913,4.25,5.473363095238096,-0.0010088349318168415,7.953146298726399,0.3664475580056508,6.42742240112663e-06,0.0,0.42920367320510344,115.04390529997181
431,6896,67,1.9245022957531899,-1.9245022957531899,4.1875,4.852604166666667,-0.0002773513861124381,3.799654006958008,0.27542032798131305,1.6933205794581834e-06,0.0,0.42920367320510344,115.29241409990937
432,6912,62,1.8440266070272329,-1.8440266070272329,3.875,5.758854166666667,-0.000761622376489394,2.0459772745768228,0.30365877350171405,6.667738792505891e-06,0.0,0.42920367320510344,115.53409440000542
433,6928,62,1.8974004591506382,-1.8974004591506382,3.875,5.882291666666666,-0.0014256085244118328,2.9505343437194824,0.3155089815457662,8.237548096682682e-06,0.0,0.42920367320510344,115.77979399997275
434,6944,58,1.821349540849362,-1.821349540849362,3.625,4.977083333333334,-0.00023975779537262673,3.461055596669515,0.3229188919067383,1.558386315991811e-06,0.0,0.42920367320510344,116.00114670000039
435,6960,58,1.7898229338221294,-1.7898229338221294,3.625,6.744270833333333,-0.001184633384383756,3.1325538953145347,0.2883392771085103,6.1518674101535e-06,0.0,0.42920367320510344,116.22932980000041
436,6976,68,3.1479536732051034,-3.1479536732051034,4.25,5.597395833333334,-0.0008322085178568509,6.947979132334392,0.31661759813626605,4.966040175228652e-06,0.0,0.42920367320510344,116.47703079995699
437,6992,61,2.0129977042468106,-2.0129977042468106,3.8125,5.230208333333334,-0.0008515139034687517,3.9436887900034585,0.3145737548669179,5.241972075964441e-06,0.0,0.42920367320510344,116.70807860000059
438,7008,75,3.1382743112740434,-3.1382743112740434,4.6875,4.741666666666666,-0.0010487360414117575,7.366077423095703,0.34860653678576153,1.000100958966262e-05,0.0,0.42920367320510344,116.98061649990268
439,7024,59,1.6155972450961733,-1.6155972450961733,3.6875,6.002083333333333,-0.0011315143865791022,3.320156971613566,0.2780236303806305,9.195405558178512e-06,0.0,0.42920367320510344,117.23583619995043
440,7040,54,1.557245408493621,-1.557245408493621,3.375,5.810416666666667,-0.00034679711457163975,2.6535271803538003,0.240818719069163,4.150720693966529e-06,0.0,0.42920367320510344,117.46049009996932
441,7056,65,2.8877210972195777,-2.8877210972195777,4.0625,4.586458333333334,-0.001649280723470999,5.821735858917236,0.2972755829493205,1.1484821394939596e-05,0.0,0.42920367320510344,117.70879569998942
442,7072,72,2.436946785945536,-2.436946785945536,4.5,5.228125,-0.002698520086360734,2.4583752950032554,0.2895794113477071,0.00013504683981106305,0.004629629664123058,0.42920367320510344,117.97821089997888
443,7088,63,2.5400995408493623,-2.5400995408493623,3.9375,5.423511904761905,-0.0009141570778205358,2.1644614537556968,0.2723335822423299,8.292831277382598e-06,0.0,0.42920367320510344,118.21355230000336
444,7104,64,1.2585729338221294,-1.2585729338221294,4,5.154166666666667,-0.000108833114306132,2.279910405476888,0.2729552388191223,1.2782935906822483e-06,0.0,0.42920367320510344,118.46135160000995
445,7120,69,2.4195243112740434,-2.4195243112740434,4.3125,6.284672619047619,-0.00037750040767559057,3.933263063430786,0.3212606410185496,3.812069887014028e-06,0.0,0.42920367320510344,118.71720089996234
446,7136,68,1.227322933822129,-1.227322933822129,4.25,5.302083333333333,-0.0007952667702006977,2.624269723892212,0.3835345506668091,2.8620821694858023e-06,0.0,0.42920367320510344,118.96939969994128
447,7152,60,1.6385509183012759,-1.6385509183012759,3.75,5.357291666666667,-0.0006288356154176,1.8334739605585735,0.268040398756663,3.2285849253336587e-06,0.0,0.42920367320510344,119.20793109992519
448,7168,66,2.204645867644259,-2.204645867644259,4.125,4.8566964285714285,-0.0006687159595936502,2.3857711950937905,0.23188070952892303,3.620525906929591e-06,0.0,0.42920367320510344,119.44887640001252
449,7184,64,2.1836284436297846,-2.1836284436297846,4,5.470982142857142,-0.0025126244872808456,4.150033791859944,0.2851775387922923,3.2535899663344026e-05,0.0,0.42920367320510344,119.68932219990529
450,7200,68,2.937500000000001,-2.937500000000001,4.25,5.705208333333333,-0.0012377795635485356,4.572781403859456,0.32880212863286334,7.34064800174868e-06,0.0,0.42920367320510344,119.9385229999898
451,7216,67,2.9059733929727676,-2.9059733929727676,4.1875,5.007291666666666,-0.0016185946916624043,4.878573417663574,0.31525036692619324,1.9990463442809414e-05,0.0,0.42920367320510344,120.19043409998994
452,7232,65,2.6910949493429825,-2.6910949493429825,4.0625,4.960416666666667,-0.0012308236516009134,4.331246376037598,0.3314467171827952,1.572908361898347e-05,0.0,0.42920367320510344,120.43204280000646
453,7248,70,1.8797013774519136,-1.8797013774519136,4.375,4.880952380952381,-0.0006854642149332809,3.1114789644877114,0.31806180874506634,1.04747709883668e-05,0.0,0.42920367320510344,120.68696979992092
454,7264,65,2.405973392972767,-2.405973392972767,4.0625,5.132142857142857,0.0004065544156429309,6.318998495737712,0.3495841920375824,3.0814455082387817e-06,0.0,0.42920367320510344,120.92548959993292
455,7280,68,2.6377210972195777,-2.6377210972195777,4.25,6.030059523809524,-0.000772557430215833,3.175636370976766,0.26900289456049603,3.7786131012277715e-06,0.0,0.42920367320510344,121.17474609997589
456,7296,68,2.5754977042468106,-2.5754977042468106,4.25,4.997172619047619,-0.0014270181772205366,5.5915350914001465,0.2827094793319702,1.526335427115555e-05,0.0,0.42920367320510344,121.4269441999495
457,7312,62,2.06775459150638,-2.06775459150638,3.875,5.972916666666666,-0.0013312992266811818,2.422271251678467,0.272594819466273,6.9273176753389025e-06,0.0,0.42920367320510344,121.67728219996206
458,7328,62,1.513550918301276,-1.513550918301276,3.875,6.291666666666667,-0.0007140046775451955,2.28216290473938,0.4360065162181854,4.149412764794154e-06,0.0,0.42920367320510344,121.92109459999483
459,7344,66,1.5495022957531897,-1.5495022957531897,4.125,5.24375,-0.0006140392447697707,2.2012762228647866,0.38522160053253174,3.816352924938353e-06,0.0,0.42920367320510344,122.18825969996396
460,7360,64,2.2411504591506386,-2.2411504591506386,4,4.409722222222222,-0.0006330758333206177,5.800494035085042,0.2597058316071828,4.12575900554657e-06,0.0,0.42920367320510344,122.43043459998444
461,7376,66,1.8166481633974483,-1.8166481633974483,4.125,5.919642857142858,-0.00148990181876781,4.346544583638509,0.31488802035649616,9.558003512211144e-06,0.0,0.42920367320510344,122.68008610000834
462,7392,64,1.317201377451914,-1.317201377451914,4,4.834375,-0.0003203550974527995,2.030689318974813,0.3605598310629527,2.899401200314363e-06,0.0,0.42920367320510344,122.92730729992036
463,7408,69,2.34375,-2.34375,4.3125,4.219345238095238,-0.001185261677885426,4.039155642191569,0.312608927488327,5.960394825403152e-06,0.0,0.42920367320510344,123.17415519990027
464,7424,61,2.660121556370216,-2.660121556370216,3.8125,6.933333333333334,-0.0013179427357599138,7.190064907073975,0.32683850328127545,1.5934379310541164e-05,0.0,0.42920367320510344,123.40746999997646
465,7440,62,2.918694490192345,-2.918694490192345,3.875,5.230952380952381,-0.0018726747585660064,8.094287872314453,0.1876959502696991,1.5631275346095208e-05,0.0,0.42920367320510344,123.63651350000873
466,7456,70,2.4914270661778715,-2.4914270661778715,4.375,5.313318452380952,-0.0003909709960379833,3.63216765721639,0.30916011333465576,1.0816717500953624e-05,0.0,0.42920367320510344,123.90342879993841
467,7472,73,2.0182522957531903,-2.0182522957531903,4.5625,4.675446428571429,-0.0019328131151201688,2.758471886316935,0.24123020470142365,2.1082732928334735e-05,0.0,0.42920367320510344,124.18617649993394
468,7488,67,3.3343472450961724,-3.3343472450961724,4.1875,4.242708333333333,-0.0002724884234428515,5.195323785146077,0.25199243426322937,3.351398997134917e-06,0.0,0.42920367320510344,124.43225459998939
469,7504,67,2.3296458676442584,-2.3296458676442584,4.1875,5.445833333333333,-0.0011810008222141732,3.8618901570638022,0.2710999051729838,6.913276820341707e-06,0.0,0.42920367320510344,124.67785849992651
470,7520,70,2.6476770661778706,-2.6476770661778706,4.375,5.340625,-0.001687660114839673,5.561033248901367,0.3098326623439789,2.329511880816426e-05,0.0,0.42920367320510344,124.9374277999159
471,7536,64,1.8974004591506384,-1.8974004591506384,4,5.7370535714285715,-0.001124264361957709,2.403143564860026,0.36689356962839764,6.667512934654951e-06,0.0,0.42920367320510344,125.17398299998604
472,7552,69,2.7629977042468106,-2.7629977042468106,4.3125,5.220535714285714,-0.0009927435717343631,6.280475457509358,0.369928906361262,6.735057165011919e-06,0.0,0.42920367320510344,125.43674369994551
473,7568,79,2.280696785945535,-2.280696785945535,4.9375,4.928720238095238,-0.0006562370793670169,2.9939120610555015,0.3155486583709717,8.263605650427053e-06,0.0,0.42920367320510344,125.76243249990512
474,7584,54,1.5890486225480864,-1.5890486225480864,3.375,6.24375,-0.0038151432857791434,2.169016679128011,0.2323203682899475,6.569147202147481e-05,0.0,0.42920367320510344,125.99080929998308
475,7600,62,2.02267706617787,-2.02267706617787,3.875,4.527083333333334,-0.0009298645065077457,5.179128487904866,0.2916257381439209,5.7622630720288726e-06,0.0,0.42920367320510344,126.2328766999999
476,7616,65,2.6474004591506377,-2.6474004591506377,4.0625,4.57172619047619,-0.0008294240114852988,4.80120309193929,0.27849526206652325,4.0847523147628335e-06,0.0,0.42920367320510344,126.47173039999325
477,7632,70,2.750000000000001,-2.750000000000001,4.375,6.131944444444445,-0.000868573930624524,7.555104891459147,0.326463262240092,3.933835690380268e-06,0.0,0.42920367320510344,126.72583849995863
478,7648,60,1.5312500000000004,-1.5312500000000004,3.75,5.1625,-0.0013945804624300173,3.689107656478882,0.32407710949579877,9.432910853017043e-06,0.0,0.42920367320510344,126.96461849997286
479,7664,60,2.5768807393829745,-2.5768807393829745,3.75,6.678645833333333,-0.001280188896796967,4.3947164217631025,0.42638613780339557,7.002925106765663e-06,0.0,0.42920367320510344,127.20495329995174
480,7680,61,2.2541481633974483,-2.2541481633974483,3.8125,5.288839285714285,-0.0009390746044182959,3.310388167699178,0.3216775059700012,1.3821147301011175e-05,0.0,0.42920367320510344,127.44159519998357
481,7696,69,2.4557522957531894,-2.4557522957531894,4.3125,4.999479166666667,-0.0007092261485584691,3.343379497528076,0.3336974084377289,1.0932777665099517e-05,0.0,0.42920367320510344,127.70331509993412
482,7712,82,3.2181967859455343,-3.2181967859455343,5.125,4.190972222222222,-0.001268608811712942,4.4903340339660645,0.3266624907652537,7.1466817341085216e-06,0.0,0.42920367320510344,127.98878959997091
483,7728,72,2.78125,-2.78125,4.5,4.825297619047619,-0.0006221709363335067,4.323782602945964,0.33900577823321026,2.575132801515186e-06,0.0,0.42920367320510344,128.26356519991532
484,7744,62,1.508572933822129,-1.508572933822129,3.875,5.307291666666667,-0.0005891887196938228,2.3055280844370523,0.3202310601870219,6.017505408332606e-06,0.0,0.42920367320510344,128.49804929993115
485,7760,66,2.0182522957531908,-2.0182522957531908,4.125,4.988169642857143,-0.000929414633911089,4.176369349161784,0.29275627930959064,8.045761736260223e-06,0.0,0.42920367320510344,128.7387862999458
486,7776,68,2.706305509807655,-2.706305509807655,4.25,4.6433035714285715,-0.0016828354575908477,6.343917528788249,0.3616298735141754,2.258566837554099e-05,0.0,0.42920367320510344,129.0031087999232
487,7792,57,1.8752766070272329,-1.8752766070272329,3.5625,5.117708333333333,-0.0017385725197461472,2.420468727747599,0.31684960921605426,4.241062197252177e-05,0.0,0.42920367320510344,129.22212829999626
488,7808,62,2.7267697197676646,-2.7267697197676646,3.875,4.964583333333334,-0.0007537218963638755,6.3463765780131025,0.32447296380996704,6.76024016380931e-06,0.0,0.42920367320510344,129.45690559991635
489,7824,59,1.7187500000000002,-1.7187500000000002,3.6875,6.47797619047619,-0.001246733486384007,1.722057819366455,0.3067517876625061,8.692344181326916e-06,0.0,0.42920367320510344,129.6933036999544
490,7840,61,2.1512720155208536,-2.1512720155208536,3.8125,5.229910714285714,-0.001040426113762057,6.470753192901611,0.3009074827035268,6.506636736958171e-06,0.0,0.42920367320510344,129.94256100000348
491,7856,56,1.6733958676442584,-1.6733958676442584,3.5,5.087946428571429,-0.0005611468652550281,2.035221974054972,0.2772137721379598,5.009162653853612e-06,0.0,0.42920367320510344,130.16350789996795
492,7872,69,2.2853981633974487,-2.2853981633974487,4.3125,4.4048115079365076,-0.0012475142546743239,3.568578004837036,0.31741570432980853,7.510068447421266e-06,0.0,0.42920367320510344,130.41410669998731
493,7888,49,0.9106747704246816,-0.9106747704246816,3.0625,5.494791666666667,-0.0008608994626939648,2.463203032811483,0.33243682980537415,6.202988591515653e-06,0.0,0.42920367320510344,130.6091089999536
494,7904,66,2.7674224746714913,-2.7674224746714913,4.125,4.423065476190476,-8.152891699175768e-05,3.903550863265991,0.22579311827818552,1.0365714047111396e-06,0.0,0.42920367320510344,130.84823409991805
495,7920,61,4.048119260617026,-4.048119260617026,3.8125,5.392708333333333,-0.0009779663250111998,12.705526351928711,0.26833780606587726,6.3204539249757845e-06,0.0,0.42920367320510344,131.08071829995606
496,7936,68,4.173949081698725,-4.173949081698725,4.25,5.150744047619048,-0.000583556369426456,9.441500663757324,0.2570596734682719,2.292112715925517e-06,0.0,0.42920367320510344,131.33257229998708
497,7952,64,1.9366701789183018,-1.9366701789183018,4,5.019047619047619,-0.0005355222771565119,2.5139616330464682,0.25015200674533844,2.4617377979060016e-06,0.0,0.42920367320510344,131.569702400011
498,7968,66,1.9961284436297846,-1.9961284436297846,4.125,4.207986111111111,-0.0009216889156959951,2.752129554748535,0.22204759220282236,5.352376547307358e-06,0.0,0.42920367320510344,131.8116189999273
499,7984,70,3.254148163397449,-3.254148163397449,4.375,4.568154761904762,-0.0009174676357014041,9.772711435953775,0.37315593163172406,1.0170592455930697e-05,0.0,0.42920367320510344,132.07401959993877
500,8000,64,2.2903761478765947,-2.2903761478765947,4,5.1390625,-0.0011019093605379264,3.124107996622721,0.26282232999801636,9.805546142160892e-06,0.0,0.42920367320510344,132.32718509994447
