episode,n_robots,ppo_cost,exact_cost,absolute_gap,relative_gap,decisions,exact_status,alpha_set,best_path_len,best_branching_nodes,best_branch_options_sum,best_branch_alt_count,best_branch_max,best_path_child_counts,is_trivial
1,3,1.8584073464102069,0.0,1.8584073464102069,inf,5,solved,1.0|2.0|1.5,21,2,28,8,8,0:8;7:1;44:1;45:1;46:1;47:1;48:1;49:1;50:2;52:1;53:1;54:1;55:1;56:1;57:1;58:1;59:1;60:1;61:1;62:1,1
2,3,4.71238898038469,1.5707963267949,3.1415926535897896,1.9999999999999931,6,solved,1.5|1.5|1.0,19,7,33,15,8,0:8;8:1;9:2;11:1;12:1;13:2;15:2;17:1;18:2;20:1;21:1;22:3;25:1;26:3;29:1;30:1;31:1;32:1,0
3,3,2.9292036732051034,2.2168146928204173,0.7123889803846861,0.32135702758191537,6,solved,1.0|1.0|0.5,26,3,40,15,12,0:12;11:1;200:1;201:1;202:1;203:2;204:1;211:1;212:1;213:1;214:1;215:1;216:1;217:1;218:4;221:1;224:1;225:1;226:1;227:1;228:1;229:1;230:1;231:1;232:1,0
4,3,8.06637061435918,2.641592653589793,5.4247779607693865,2.053601244460376,7,solved,0.5|0.5|1.0,26,5,40,15,12,0:12;10:1;93:1;94:2;95:1;109:1;110:2;112:1;113:1;114:1;115:2;116:2;131:1;132:1;133:1;134:1;135:1;136:1;137:1;138:1;139:1;140:1;141:1;142:1;143:1,0
5,3,9.283185307179586,3.7876110196153103,5.495574287564276,1.4509341796461548,6,solved,0.5|0.0|0.5,15,3,23,9,8,0:8;7:2;150:1;151:2;152:1;172:1;173:1;174:1;175:1;176:1;177:1;178:1;179:1;180:1,0
6,3,2.0,2.0,0.0,0.0,6,solved,0.5|1.5|0.0,20,3,28,9,8,0:8;7:1;50:1;51:2;52:1;59:1;60:1;61:2;63:1;64:1;65:1;66:1;67:1;68:1;69:1;70:1;71:1;72:1;73:1,0
7,3,2.0,2.0,0.0,0.0,4,solved,0.5|0.5|0.5,13,2,20,8,8,0:8;8:1;9:2;10:1;28:1;29:1;30:1;31:1;32:1;33:1;34:1;35:1,0
8,3,1.9292036732051017,0.0,1.9292036732051017,inf,3,solved,0.0|0.5|1.5,20,2,31,12,12,0:12;11:1;50:1;51:1;52:1;53:1;54:1;55:1;56:1;57:2;58:1;67:1;68:1;69:1;70:1;71:1;72:1;73:1;74:1,1
9,3,1.7763568394002505e-15,1.7763568394002505e-15,0.0,0.0,4,solved,0.0|2.0|1.5,18,2,29,12,12,0:12;11:1;54:1;55:1;56:1;57:2;59:1;60:1;61:1;62:1;63:1;64:1;65:1;66:1;67:1;68:1;69:1,1
10,3,5.141592653589797,5.141592653589797,0.0,0.0,8,solved,1.0|1.0|1.0,25,5,37,13,8,0:8;8:1;9:1;10:2;11:2;50:1;51:4;54:1;60:1;61:1;62:1;63:1;64:1;65:2;66:1;72:1;73:1;74:1;75:1;76:1;77:1;78:1;79:1;80:1,0
11,3,1.0707963267948983,1.0707963267948966,1.7763568394002505e-15,1.658911965749112e-15,4,solved,1.0|1.0|1.5,18,4,27,10,8,0:8;8:1;9:2;10:1;28:1;29:1;30:1;31:1;32:1;33:2;35:1;36:1;37:2;39:1;40:1;41:1;42:1,0
12,3,4.21238898038469,2.0707963267949,2.1415926535897896,1.0341879719791012,5,solved,1.0|0.5|0.5,18,5,29,12,8,0:8;8:1;9:2;11:1;12:1;13:2;15:1;16:1;17:2;19:1;20:3;23:1;24:1;25:1;26:1;27:1;28:1,0
13,3,3.5,3.5,0.0,0.0,3,solved,1.5|0.5|1.0,14,2,25,12,12,0:12;12:1;13:2;14:1;27:1;28:1;29:1;30:1;31:1;32:1;33:1;34:1;35:1,0
14,3,0.0,0.0,0.0,0.0,4,solved,0.5|1.0|0.5,24,2,35,12,12,0:12;11:1;73:1;74:1;75:1;76:1;77:2;78:1;92:1;93:1;94:1;95:1;96:1;97:1;98:1;99:1;100:1;101:1;102:1;103:1;104:1;105:1;106:1,1
15,3,2.0000000000000018,1.7168146928204138,0.283185307179588,0.1649480915813728,4,solved,1.5|1.5|1.0,20,2,31,12,12,0:12;11:1;55:1;56:1;57:1;58:1;59:1;60:1;61:1;62:1;63:1;64:1;65:1;66:2;68:1;69:1;70:1;71:1;72:1,0
16,3,0.0,0.0,0.0,0.0,3,solved,2.0|1.0|1.5,17,3,24,8,6,0:6;6:1;7:1;8:1;9:1;10:1;11:1;12:1;13:1;14:2;16:1;17:3;20:1;21:1;22:1;23:1,1
17,3,0.42920367320510344,0.42920367320510344,0.0,0.0,3,solved,0.5|1.5|1.5,20,2,39,20,18,0:18;18:1;19:1;20:1;21:1;22:1;23:4;26:1;44:1;45:1;46:1;47:1;48:1;49:1;50:1;51:1;52:1;53:1;54:1,0
18,3,0.42920367320510344,0.42920367320510167,1.7763568394002505e-15,4.138727020053695e-15,5,solved,1.0|1.0|0.0,20,5,38,19,12,0:12;12:1;13:1;14:1;15:2;17:1;18:2;20:1;21:1;22:1;23:6;29:1;30:1;31:2;32:1;40:1;41:1;42:1;43:1,0
19,3,2.0,2.0,0.0,0.0,3,solved,1.0|1.5|1.0,15,2,32,18,18,0:18;18:1;19:1;20:2;21:1;34:1;35:1;36:1;37:1;38:1;39:1;40:1;41:1;42:1,0
20,3,0.0,0.0,0.0,0.0,4,solved,1.5|1.5|1.5,16,3,20,5,4,0:4;4:1;5:1;6:1;7:1;8:2;10:1;11:2;13:1;14:1;15:1;16:1;17:1;18:1;19:1,1
21,3,2.216814692820412,2.216814692820412,0.0,0.0,5,solved,1.0|1.5|1.0,25,3,45,21,18,0:18;17:1;258:1;259:1;260:1;261:1;262:1;263:1;264:2;266:1;267:1;268:1;269:4;272:1;280:1;281:1;282:1;283:1;284:1;285:1;286:1;287:1;288:1;289:1,0
22,3,0.0,1.7763568394002505e-15,-1.7763568394002505e-15,0.0,3,solved,1.5|1.0|0.5,19,3,38,20,18,0:18;18:1;19:1;20:1;21:1;22:1;23:1;24:3;27:2;29:1;30:1;31:1;32:1;33:1;34:1;35:1;36:1;37:1,1
23,3,0.0,1.7763568394002505e-15,-1.7763568394002505e-15,0.0,4,solved,1.0|2.0|1.5,21,5,32,12,8,0:8;8:1;9:1;10:1;11:1;12:1;13:1;14:2;16:2;18:2;20:1;21:1;22:1;23:1;24:3;27:1;28:1;29:1;30:1;31:1,1
24,3,2.0,0.0,2.0,inf,5,solved,2.0|1.0|0.5,21,1,37,17,18,0:18;16:1;75:1;76:1;77:1;78:1;79:1;80:1;81:1;82:1;83:1;84:1;85:1;86:1;87:1;88:1;89:1;90:1;91:1;92:1,1
25,3,3.0000000000000036,0.42920367320510344,2.5707963267949,5.989688549488239,5,solved,1.5|0.5|0.5,22,4,35,14,12,0:12;11:1;92:1;93:1;94:1;95:2;96:1;112:2;114:2;115:1;129:1;130:1;131:1;132:1;133:1;134:1;135:1;136:1;137:1;138:1;139:1,0
26,3,0.0,0.0,0.0,0.0,2,solved,2.0|2.0|1.0,18,3,37,20,18,0:18;18:1;19:1;20:1;21:1;22:1;23:1;24:2;26:1;27:1;28:1;29:1;30:3;33:1;34:1;35:1;36:1,1
27,3,7.566370614359176,4.429203673205103,3.1371669411540726,0.7082914159338998,6,solved,0.5|1.5|2.0,23,4,36,14,12,0:12;11:1;106:1;107:2;108:1;115:1;116:2;118:1;119:1;120:1;121:1;122:2;124:1;125:1;126:1;127:1;128:1;129:1;130:1;131:1;132:1;133:1,0
28,3,3.552713678800501e-15,5.329070518200751e-15,-1.7763568394002505e-15,0.0,3,solved,1.5|1.0|1.0,16,4,26,11,8,0:8;8:1;9:1;10:1;11:2;13:1;14:1;15:2;17:1;18:3;21:1;22:1;23:1;24:1;25:1,1
29,3,8.14159265358979,5.283185307179586,2.8584073464102033,0.5410386310935885,5,solved,0.0|1.0|1.5,17,5,31,15,12,0:12;12:1;13:2;14:1;42:1;43:2;45:2;47:1;48:1;49:1;50:2;52:1;53:1;54:1;55:1;56:1,0
30,3,0.0,0.0,0.0,0.0,1,solved,1.5|1.5|0.5,12,1,19,8,9,0:9;9:1;10:1;11:1;12:1;13:1;14:1;15:1;16:1;17:1;18:1,1
31,3,6.7168146928204155,6.71238898038469,0.00442571243572587,0.000659334917666263,5,solved,1.5|1.5|1.0,18,4,31,14,12,0:12;12:1;13:1;14:1;15:1;16:2;17:1;39:1;40:2;41:1;54:1;55:2;57:1;58:1;59:1;60:1;61:1,0
32,3,0.0,0.0,0.0,0.0,3,solved,1.5|0.5|0.5,14,3,18,5,4,0:4;4:1;5:1;6:1;7:1;8:2;10:2;12:1;13:1;14:1;15:1;16:1;17:1,1
33,3,2.7831853071795862,0.0,2.7831853071795862,inf,5,solved,0.5|0.0|1.0,20,4,26,7,4,0:4;4:1;5:1;6:1;7:1;8:1;9:2;11:2;13:1;14:3;17:1;18:1;19:1;20:1;21:1;22:1;23:1;24:1;25:1,1
34,3,0.0,0.0,0.0,0.0,1,solved,1.0|1.5|0.5,13,1,20,8,9,0:9;9:1;10:1;11:1;12:1;13:1;14:1;15:1;16:1;17:1;18:1;19:1,1
35,3,1.7168146928204138,1.7168146928204138,0.0,0.0,5,solved,1.0|1.5|0.5,21,3,39,19,18,0:18;17:1;78:1;79:1;80:1;81:1;82:1;83:1;84:1;85:1;86:1;87:2;88:1;95:1;96:1;97:2;98:1;101:1;102:1;103:1,0
36,3,4.71238898038469,1.5707963267948983,3.1415926535897913,1.9999999999999967,6,solved,1.0|0.5|1.0,22,5,32,11,8,0:8;8:1;9:2;10:1;36:1;37:2;39:1;40:1;41:2;43:1;44:1;45:1;46:1;47:2;49:1;50:1;51:1;52:1;53:1;54:1;55:1,0
37,3,2.141592653589793,1.4292036732051034,0.7123889803846897,0.4984516858867991,3,solved,0.5|1.5|1.5,18,2,37,20,18,0:18;17:1;63:1;64:1;65:1;66:4;69:1;75:1;76:1;77:1;78:1;79:1;80:1;81:1;82:1;83:1;84:1,0
38,3,3.853981633974483,3.853981633974483,0.0,0.0,6,solved,0.5|1.5|2.0,18,4,27,10,8,0:8;8:1;9:2;10:1;49:2;50:1;66:1;67:1;68:1;69:1;70:1;71:2;73:1;74:1;75:1;76:1;77:1,0
39,3,11.716814692820416,2.5707963267948983,9.146018366025517,3.5576596522635375,6,solved,2.0|1.0|2.0,21,4,30,10,8,0:8;7:1;126:2;128:1;129:1;130:1;131:1;132:2;134:1;135:1;136:1;137:1;138:1;139:2;141:1;142:1;143:1;144:1;145:1;146:1,0
40,3,0.0,0.0,0.0,0.0,3,solved,0.0|2.0|1.0,14,3,21,8,6,0:6;6:1;7:1;8:1;9:1;10:1;11:1;12:2;14:1;15:1;16:3;19:1;20:1,1
41,3,8.353981633974483,5.783185307179586,2.5707963267948966,0.44452947471756765,7,solved,1.5|1.0|2.0,24,6,39,16,12,0:12;12:1;13:1;14:2;15:1;66:1;67:2;69:2;71:1;72:1;73:2;75:2;77:1;78:1;79:1;80:1;81:1;82:1;83:1;84:1;85:1;86:1;87:1,0
42,3,0.0,0.0,0.0,0.0,4,solved,1.0|2.0|0.0,22,4,32,11,8,0:8;8:1;9:1;10:1;11:1;12:1;13:1;14:2;16:2;18:1;19:1;20:3;23:1;24:1;25:1;26:1;27:1;28:1;29:1;30:1;31:1,1
43,3,0.0,0.0,0.0,0.0,4,solved,1.0|0.5|2.0,23,4,44,22,18,0:18;18:1;19:1;20:1;21:1;22:1;23:1;24:1;25:2;27:1;28:3;31:1;32:1;33:3;36:1;37:1;38:1;39:1;40:1;41:1;42:1;43:1,1
44,3,0.0,0.0,0.0,0.0,3,solved,1.5|1.5|2.0,16,3,23,8,6,0:6;6:1;7:1;8:1;9:1;10:1;11:1;12:2;14:1;15:1;16:3;19:1;20:1;21:1;22:1,1
45,3,0.0,0.0,0.0,0.0,3,solved,0.5|0.0|1.5,16,3,23,8,6,0:6;6:1;7:1;8:1;9:1;10:2;12:1;13:1;14:1;15:1;16:3;19:1;20:1;21:1;22:1,1
46,3,0.0,1.7763568394002505e-15,-1.7763568394002505e-15,0.0,3,solved,0.5|0.5|2.0,16,4,22,7,4,0:4;4:1;5:1;6:1;7:1;8:2;10:1;11:2;13:1;14:1;15:3;18:1;19:1;20:1;21:1,1
47,3,0.0,0.0,0.0,0.0,2,solved,1.0|1.0|1.0,11,2,18,8,8,0:8;8:1;9:1;10:2;12:1;13:1;14:1;15:1;16:1;17:1,1
48,3,0.0,0.0,0.0,0.0,5,solved,1.5|0.0|0.5,22,3,34,13,12,0:12;11:1;84:1;85:1;86:1;87:1;88:1;89:2;91:1;92:1;93:1;94:1;95:1;96:2;98:1;99:1;100:1;101:1;102:1;103:1;104:1,1
49,3,1.7831853071795827,1.0658141036401503e-14,1.783185307179572,inf,6,solved,1.5|0.5|1.0,23,4,37,15,12,0:12;12:1;13:1;14:1;15:1;16:1;17:1;18:3;21:2;23:2;25:1;26:1;27:1;28:1;29:1;30:1;31:1;32:1;33:1;34:1;35:1;36:1,1
50,3,4.21238898038469,3.5707963267948966,0.6415926535897931,0.1796777510874385,6,solved,1.0|0.5|1.5,22,2,39,18,18,0:18;17:1;105:1;106:2;108:1;109:1;110:1;111:1;112:1;113:1;114:1;115:1;116:1;117:1;118:1;119:1;120:1;121:1;122:1;123:1;124:1,0
51,3,0.0,0.0,0.0,0.0,2,solved,0.5|0.5|0.5,12,2,23,12,12,0:12;12:1;13:1;14:1;15:1;16:1;17:1;18:2;20:1;21:1;22:1,1
52,3,1.9292036732051017,1.7168146928204138,0.2123889803846879,0.12371106868602778,5,solved,1.5|0.0|0.5,22,3,35,14,12,0:12;12:1;13:1;14:1;15:1;16:2;18:3;20:1;49:1;50:1;51:1;52:1;53:1;54:1;55:1;56:1;57:1;58:1;59:1;60:1;61:1,0
53,3,3.5000000000000018,2.7123889803846897,0.7876110196153121,0.29037539427829695,7,solved,0.5|0.5|1.0,29,4,44,16,12,0:12;6:1;426:1;427:1;428:1;429:1;430:1;431:1;432:1;433:1;434:1;435:1;436:1;437:2;438:1;460:4;461:1;480:1;481:1;482:1;483:1;484:2;485:1;490:1;491:1;492:1;493:1;494:1,0
54,3,2.7123889803846897,2.7123889803846897,0.0,0.0,6,solved,1.5|1.5|1.5,22,4,33,12,8,0:8;8:1;9:2;10:1;133:4;137:1;138:1;139:2;141:1;142:1;143:1;144:1;145:1;146:1;147:1;148:1;149:1;150:1;151:1;152:1;153:1,0
55,3,0.0,0.0,0.0,0.0,1,solved,1.5|1.0|1.0,9,1,25,17,18,0:18;18:1;19:1;20:1;21:1;22:1;23:1;24:1,1
56,3,4.21238898038469,2.0707963267948983,2.1415926535897913,1.0341879719791027,5,solved,1.0|0.5|2.0,21,5,36,16,12,0:12;12:1;13:2;15:1;16:1;17:2;19:1;20:1;21:3;24:1;25:2;27:1;28:1;29:1;30:1;31:1;32:1;33:1;34:1;35:1,0
57,3,0.0,0.0,0.0,0.0,3,solved,1.5|0.5|1.0,19,3,31,13,12,0:12;12:1;13:1;14:1;15:1;16:1;17:1;18:2;20:1;21:1;22:1;23:1;24:1;25:2;27:1;28:1;29:1;30:1,1
58,3,1.0707963267949,1.7763568394002505e-15,1.0707963267948983,inf,6,solved,1.0|1.5|1.5,27,5,38,12,8,0:8;8:1;9:1;10:1;11:1;12:2;14:1;15:1;16:2;18:2;20:1;21:3;24:1;25:1;26:1;27:1;28:1;29:1;30:1;31:1;32:1;33:1;34:1;35:1;36:1;37:1,1
59,3,1.4292036732051034,1.4292036732051034,0.0,0.0,5,solved,1.0|2.0|0.0,24,3,38,15,12,0:12;9:1;290:1;291:1;292:4;295:1;301:1;302:2;304:1;305:1;306:1;307:1;308:1;309:1;310:1;311:1;312:1;313:1;314:1;315:1;316:1;317:1;318:1,0
60,3,0.0,0.0,0.0,0.0,2,solved,0.5|1.0|1.0,13,2,24,12,12,0:12;12:1;13:1;14:1;15:1;16:1;17:1;18:1;19:2;21:1;22:1;23:1,1
61,3,9.5707963267949,5.570796326794909,3.999999999999991,0.7180301998765306,6,solved,1.5|1.5|1.5,21,7,43,23,8,0:8;7:2;433:1;434:4;438:1;439:2;441:1;442:8;448:4;500:1;503:1;504:1;505:1;506:1;507:1;508:1;509:1;510:1;511:2;512:1,0
62,3,4.0,1.7168146928204138,2.2831853071795862,1.3298961831627436,6,solved,1.0|1.0|0.5,19,3,29,11,8,0:8;8:1;9:1;10:1;11:1;12:2;14:4;17:1;63:1;64:1;65:1;66:1;67:1;68:1;69:1;70:1;71:1;72:1,0
63,3,0.0,0.0,0.0,0.0,2,solved,0.5|0.5|1.0,14,2,25,12,12,0:12;12:1;13:1;14:1;15:2;17:1;18:1;19:1;20:1;21:1;22:1;23:1;24:1,1
64,3,0.0,1.7763568394002505e-15,-1.7763568394002505e-15,0.0,2,solved,1.0|1.5|1.0,16,3,29,14,12,0:12;12:1;13:1;14:1;15:1;16:1;17:2;19:1;20:1;21:1;22:1;23:3;26:1;27:1;28:1,1
65,3,3.7123889803846897,3.3539816339744846,0.3584073464102051,0.10686025909613901,6,solved,0.0|1.5|0.5,23,6,34,12,8,0:8;8:1;9:2;11:1;12:1;13:2;14:2;66:1;67:1;68:1;69:1;70:2;72:1;73:1;74:1;75:1;76:1;77:2;78:1;84:1;85:1;86:1,0
66,3,0.0,0.0,0.0,0.0,3,solved,1.5|1.0|0.5,17,3,24,8,6,0:6;6:1;7:1;8:1;9:1;10:1;11:1;12:2;14:3;17:1;18:1;19:1;20:1;21:1;22:1;23:1,1
67,3,2.7123889803846897,2.7123889803846897,0.0,0.0,2,solved,0.0|0.5|1.0,12,2,29,18,18,0:18;18:1;19:2;20:1;30:1;31:1;32:1;33:1;34:1;35:1;36:1,0
68,3,1.0707963267948983,1.0707963267948983,0.0,0.0,6,solved,0.5|1.0|0.0,22,4,31,10,8,0:8;7:1;61:1;62:1;63:1;64:1;65:1;66:2;67:2;103:1;120:1;121:1;122:1;123:1;124:1;125:1;126:1;127:1;128:1;129:2;130:1,0
69,3,0.0,0.0,0.0,0.0,3,solved,1.0|0.0|2.0,16,3,35,20,18,0:18;18:1;19:1;20:1;21:1;22:1;23:1;24:2;26:3;29:1;30:1;31:1;32:1;33:1;34:1,1
70,3,4.712388980384688,3.287611019615312,1.4247779607693758,0.433377900325961,4,solved,2.0|0.5|2.0,20,3,47,28,27,0:27;24:1;190:1;191:1;192:1;193:1;194:2;195:1;218:1;219:1;220:1;221:1;222:1;223:1;224:1;225:2;227:1;228:1;229:1,0
71,3,4.0,1.7763568394002505e-15,3.9999999999999982,inf,3,solved,0.0|0.5|0.5,21,4,41,21,18,0:18;18:1;19:1;20:1;21:1;22:2;24:3;27:1;28:1;29:1;30:1;31:2;33:1;34:1;35:1;36:1;37:1;38:1;39:1;40:1,1
72,3,0.0,0.0,0.0,0.0,3,solved,1.0|1.0|0.0,20,3,33,14,12,0:12;12:1;13:1;14:1;15:1;16:1;17:2;19:1;20:1;21:1;22:1;23:1;24:3;27:1;28:1;29:1;30:1;31:1;32:1,1
73,3,0.0,0.0,0.0,0.0,1,solved,1.0|1.5|1.5,14,1,30,17,18,0:18;18:1;19:1;20:1;21:1;22:1;23:1;24:1;25:1;26:1;27:1;28:1;29:1,1
74,3,7.2831853071795845,1.7168146928204138,5.566370614359171,3.2422664121161717,3,solved,0.5|1.5|1.5,18,2,45,28,27,0:27;27:1;28:1;29:1;30:1;31:1;32:1;33:3;35:1;51:1;52:1;53:1;54:1;55:1;56:1;57:1;58:1,0
75,3,0.0,0.0,0.0,0.0,4,solved,1.5|1.5|1.5,16,4,22,7,4,0:4;4:1;5:1;6:2;8:1;9:2;11:1;12:1;13:1;14:3;17:1;18:1;19:1;20:1;21:1,1
76,3,4.71238898038469,1.7168146928204138,2.995574287564276,1.7448442747441153,4,solved,1.0|1.0|0.5,24,4,35,12,8,0:8;8:1;9:1;10:1;11:1;12:2;14:4;17:1;73:1;74:2;76:1;77:1;78:1;79:1;80:1;81:1;82:1;83:1;84:1;85:1;86:1;87:1;88:1,0
77,3,5.27875959474386,0.0,5.27875959474386,inf,6,solved,2.0|1.5|0.5,21,4,36,16,12,0:12;12:1;13:1;14:1;15:1;16:1;17:1;18:3;21:1;22:2;24:1;25:1;26:3;29:1;30:1;31:1;32:1;33:1;34:1;35:1,1
78,3,0.0,0.0,0.0,0.0,4,solved,1.5|0.0|1.0,22,4,36,15,12,0:12;12:1;13:1;14:1;15:1;16:1;17:1;18:2;20:2;22:1;23:1;24:1;25:1;26:3;29:1;30:1;31:1;32:1;33:1;34:1;35:1,1
79,3,2.5707963267948966,2.5707963267948966,0.0,0.0,5,solved,0.5|1.5|1.5,19,5,29,11,8,0:8;8:1;9:1;10:1;11:1;12:2;14:1;15:2;17:2;19:1;20:1;21:1;22:1;23:2;24:1;31:1;32:1;33:1,0
80,3,1.2168146928204138,0.0,1.2168146928204138,inf,5,solved,0.5|2.0|1.5,21,4,35,15,12,0:12;12:1;13:1;14:1;15:1;16:1;17:1;18:2;20:3;23:2;25:1;26:1;27:1;28:1;29:1;30:1;31:1;32:1;33:1;34:1,1
81,3,2.0,2.0,0.0,0.0,6,solved,1.0|2.0|0.0,20,2,27,8,8,0:8;8:1;9:2;10:1;33:1;34:1;35:1;36:1;37:1;38:1;39:1;40:1;41:1;42:1;43:1;44:1;45:1;46:1;47:1,0
82,3,4.2123889803846915,1.0707963267948966,3.141592653589795,2.9338844138485216,5,solved,0.5|0.0|0.0,23,3,31,9,8,0:8;5:1;209:1;210:1;211:1;212:1;213:1;214:1;215:1;216:1;217:1;218:2;219:2;230:1;234:1;235:1;236:1;237:1;238:1;239:1;240:1;241:1,0
83,3,0.0,0.0,0.0,0.0,5,solved,1.0|1.0|1.5,24,5,39,16,12,0:12;12:1;13:1;14:1;15:2;17:1;18:1;19:1;20:2;22:1;23:1;24:1;25:1;26:2;28:3;31:1;32:1;33:1;34:1;35:1;36:1;37:1;38:1,1
84,3,6.0,3.570796326794902,2.429203673205098,0.6802974605346697,8,solved,1.0|0.5|1.0,24,6,35,12,8,0:8;7:1;122:2;123:2;139:1;140:1;141:2;143:1;144:1;145:2;147:1;148:1;149:2;150:1;163:1;164:1;165:1;166:1;167:1;168:1;169:1;170:1;171:1,0
85,3,0.5707963267948966,0.5707963267948966,0.0,0.0,5,solved,0.5|0.0|1.0,25,2,36,12,12,0:12;9:1;149:1;150:1;151:1;152:1;153:1;154:1;155:1;156:1;157:1;158:1;159:1;160:1;161:2;162:1;165:1;166:1;167:1;168:1;169:1;170:1;171:1;172:1,0
86,3,10.42477796076938,10.42477796076938,0.0,0.0,6,solved,1.0|1.5|0.5,14,4,23,10,8,0:8;8:1;9:2;10:2;54:1;62:2;64:1;65:1;66:1;67:1;68:1;69:1;70:1,0
87,3,0.9292036732051034,0.9292036732051034,0.0,0.0,5,solved,0.5|1.5|0.0,20,5,35,16,12,0:12;12:1;13:1;14:1;15:1;16:1;17:2;19:3;22:2;24:1;25:1;26:1;27:1;28:1;29:1;30:1;31:1;32:2;33:1,0
88,3,5.641592653589793,3.0707963267948966,2.5707963267948966,0.8371757854348262,5,solved,2.0|0.5|1.5,23,5,38,16,12,0:12;12:1;13:1;14:2;16:1;17:1;18:1;19:2;21:1;22:1;23:1;24:2;26:1;27:1;28:1;29:1;30:3;33:1;34:1;35:1;36:1;37:1,0
89,3,0.07079632679489656,0.07079632679489656,0.0,0.0,4,solved,1.5|0.5|0.0,16,3,22,7,6,0:6;6:1;7:2;8:1;25:1;26:1;27:1;28:2;30:1;31:1;32:1;33:1;34:1;35:1;36:1,0
90,3,4.71238898038469,1.5707963267948983,3.1415926535897913,1.9999999999999967,4,solved,2.0|1.0|1.0,16,2,27,12,12,0:12;12:2;13:1;30:1;31:1;32:1;33:1;34:1;35:1;36:1;37:1;38:1;39:1;40:1;41:1,0
91,3,2.7123889803846897,2.7123889803846897,0.0,0.0,3,solved,1.0|0.5|0.5,15,2,32,18,18,0:18;18:1;19:1;20:2;21:1;34:1;35:1;36:1;37:1;38:1;39:1;40:1;41:1;42:1,0
92,3,4.429203673205103,4.0,0.42920367320510344,0.10730091830127586,4,solved,1.0|1.0|1.0,11,2,32,22,12,0:12;12:1;13:1;14:12;26:1;27:1;28:1;29:1;30:1;31:1,0
93,3,1.7168146928204138,1.716814692820412,1.7763568394002505e-15,1.0346817550134207e-15,6,solved,0.0|2.0|0.0,21,4,43,23,18,0:18;18:1;19:1;20:1;21:3;23:2;129:1;130:1;131:1;132:1;133:4;136:1;142:1;143:1;144:1;145:1;146:1;147:1;148:1;149:1,0
94,3,1.7763568394002505e-15,1.7763568394002505e-15,0.0,0.0,4,solved,1.0|1.0|0.0,19,3,27,9,8,0:8;7:1;35:1;36:1;37:1;38:1;39:1;40:1;41:2;43:1;44:1;45:1;46:2;48:1;49:1;50:1;51:1;52:1,1
95,3,2.641592653589793,2.641592653589793,0.0,0.0,2,solved,1.5|0.0|2.0,15,2,32,18,18,0:18;18:1;19:1;20:1;21:1;22:1;23:1;24:1;25:1;26:1;27:2;28:1;33:1;34:1,0
96,3,0.0,0.0,0.0,0.0,3,solved,0.5|0.0|2.0,19,3,38,20,18,0:18;18:1;19:1;20:1;21:1;22:1;23:2;25:1;26:1;27:1;28:1;29:3;32:1;33:1;34:1;35:1;36:1;37:1,1
97,3,0.21681469282041377,0.0,0.21681469282041377,inf,4,solved,1.5|0.5|1.0,19,2,36,18,18,0:18;17:1;47:1;48:1;49:1;50:1;51:1;52:2;54:1;55:1;56:1;57:1;58:1;59:1;60:1;61:1;62:1;63:1,1
98,3,0.21238898038468967,0.21238898038468967,0.0,0.0,3,solved,1.5|0.5|2.0,13,3,19,7,6,0:6;6:1;7:1;8:1;9:1;10:1;11:1;12:2;14:1;15:1;16:2;17:1,0
99,3,0.0,0.0,0.0,0.0,2,solved,0.5|0.0|0.0,13,2,18,6,6,0:6;6:1;7:1;8:1;9:1;10:2;12:1;13:1;14:1;15:1;16:1;17:1,1
100,3,3.5,3.5,0.0,0.0,5,solved,1.5|1.0|2.0,21,5,36,16,12,0:12;12:1;13:1;14:1;15:1;16:1;17:1;18:2;20:2;22:3;25:1;26:1;27:1;28:1;29:2;30:1;37:1;38:1;39:1;40:1,0
101,3,0.0,0.0,0.0,0.0,3,solved,0.0|1.5|2.0,14,3,33,20,18,0:18;18:1;19:1;20:1;21:1;22:1;23:2;25:3;28:1;29:1;30:1;31:1;32:1,1
102,3,1.6415926535897931,1.6415926535897931,0.0,0.0,5,solved,1.0|2.0|1.5,22,4,37,16,12,0:12;12:1;13:1;14:1;15:1;16:1;17:2;19:4;22:1;56:1;57:1;58:2;60:1;61:1;62:1;63:1;64:1;65:1;66:1;67:1;68:1,0
103,3,3.2787595947438657,3.2787595947438657,0.0,0.0,4,solved,0.0|1.0|1.0,15,4,35,21,18,0:18;18:1;19:1;20:1;21:1;22:1;23:3;26:1;27:1;28:1;29:2;30:1;38:2;39:1,0
104,3,1.7763568394002505e-15,1.7763568394002505e-15,0.0,0.0,3,solved,0.5|1.0|1.5,15,3,22,8,6,0:6;6:1;7:1;8:1;9:1;10:2;12:1;13:1;14:1;15:1;16:3;19:1;20:1;21:1,1
105,3,3.7123889803846897,2.5707963267948966,1.1415926535897931,0.4440618814066291,3,solved,0.5|1.0|1.5,13,3,17,5,3,0:3;3:1;4:1;5:2;7:1;8:1;9:3;12:1;13:1;14:1;15:1;16:1,0
106,3,2.7123889803846897,0.0,2.7123889803846897,inf,4,solved,0.0|0.5|2.0,20,4,40,21,18,0:18;18:1;19:1;20:1;21:1;22:1;23:2;25:1;26:3;29:1;30:2;32:1;33:1;34:1;35:1;36:1;37:1;38:1;39:1,1
107,3,5.5707963267949,2.5707963267949,3.0,1.1669535889450267,7,solved,1.0|0.0|1.0,17,5,30,14,8,0:8;8:2;10:1;11:4;15:1;16:1;17:2;19:1;20:3;23:1;24:1;25:1;26:1;27:1;28:1;29:1,0
108,3,0.0,0.0,0.0,0.0,3,solved,0.5|2.0|0.5,14,3,21,8,6,0:6;6:1;7:1;8:1;9:2;11:1;12:3;15:1;16:1;17:1;18:1;19:1;20:1,1
109,3,3.7876110196153103,3.7876110196153103,0.0,0.0,5,solved,1.0|0.0|0.5,20,5,34,15,12,0:12;12:1;13:1;14:1;15:1;16:1;17:1;18:2;20:2;22:1;23:2;25:1;26:1;27:1;28:2;29:1;35:1;36:1;37:1,0
110,3,0.0,0.0,0.0,0.0,2,solved,1.0|1.5|2.0,15,2,32,18,18,0:18;18:1;19:1;20:1;21:1;22:1;23:1;24:1;25:1;26:2;28:1;29:1;30:1;31:1,1
111,3,0.0,0.0,0.0,0.0,5,solved,1.5|1.0|2.0,25,3,33,9,8,0:8;8:1;9:1;10:1;11:1;12:1;13:2;14:2;88:1;104:1;105:1;106:1;107:1;108:1;109:1;110:1;111:1;112:1;113:1;114:1;115:1;116:1;117:1;118:1,1
112,3,3.0,3.0,0.0,0.0,5,solved,1.5|1.5|0.5,20,5,34,15,12,0:12;12:1;13:1;14:1;15:1;16:1;17:2;19:2;21:1;22:1;23:1;24:1;25:2;27:1;28:2;29:1;35:1;36:1;37:1,0
113,3,0.0,0.0,0.0,0.0,4,solved,2.0|0.5|1.0,21,4,35,15,12,0:12;12:1;13:1;14:1;15:1;16:1;17:1;18:1;19:2;21:1;22:2;24:1;25:1;26:3;29:1;30:1;31:1;32:1;33:1;34:1,1
114,3,2.7123889803846897,2.7123889803846897,0.0,0.0,3,solved,1.0|0.5|1.5,16,3,24,9,8,0:8;8:1;9:1;10:2;11:1;28:1;29:1;30:1;31:1;32:2;34:1;35:1;36:1;37:1;38:1,0
115,3,0.0,0.0,0.0,0.0,2,solved,0.5|0.5|2.0,14,2,21,8,8,0:8;8:1;9:1;10:1;11:1;12:2;14:1;15:1;16:1;17:1;18:1;19:1;20:1,1
116,3,0.14159265358979312,0.14159265358979312,0.0,0.0,4,solved,0.5|1.0|2.0,21,3,33,13,12,0:12;11:1;55:1;56:1;57:1;58:1;59:2;60:1;65:1;66:2;68:1;69:1;70:1;71:1;72:1;73:1;74:1;75:1;76:1;77:1,0
117,3,0.0,0.0,0.0,0.0,2,solved,1.5|0.5|1.5,11,2,28,18,18,0:18;18:1;19:1;20:1;21:1;22:1;23:2;25:1;26:1;27:1,1
118,3,0.0,0.0,0.0,0.0,3,solved,1.0|0.5|0.5,18,3,36,19,18,0:18;18:1;19:1;20:1;21:1;22:1;23:2;25:1;26:1;27:1;28:1;29:1;30:1;31:2;33:1;34:1;35:1,1
119,3,3.0663706143591725,1.7168146928204138,1.3495559215387587,0.7860812976394582,4,solved,2.0|1.0|1.5,23,2,34,12,12,0:12;10:1;134:1;135:1;136:1;137:1;138:1;139:1;140:1;141:1;142:1;143:1;144:2;146:1;147:1;148:1;149:1;150:1;151:1;152:1;153:1;154:1,0
120,3,2.7123889803846897,2.0,0.7123889803846897,0.35619449019234484,4,solved,1.0|2.0|0.0,18,2,35,18,18,0:18;18:1;19:1;20:2;21:1;39:1;40:1;41:1;42:1;43:1;44:1;45:1;46:1;47:1;48:1;49:1;50:1,0
121,3,6.999999999999998,2.566370614359176,4.433629385640822,1.7275873409842255,7,solved,1.5|0.5|1.5,20,5,37,18,12,0:12;9:1;167:2;169:1;170:3;173:1;174:1;175:1;176:4;178:1;186:2;188:1;189:1;190:1;191:1;192:1;193:1;194:1;195:1,0
122,3,2.7123889803846932,2.7123889803846932,0.0,0.0,5,solved,1.5|1.0|0.5,19,4,24,6,4,0:4;4:1;5:1;6:2;7:1;29:1;30:2;32:1;33:1;34:1;35:2;37:1;38:1;39:1;40:1;41:1;42:1;43:1,0
123,3,0.0,0.0,0.0,0.0,4,solved,0.5|1.5|2.0,23,4,38,16,12,0:12;12:1;13:1;14:1;15:1;16:1;17:1;18:1;19:1;20:3;23:2;25:1;26:1;27:1;28:3;31:1;32:1;33:1;34:1;35:1;36:1;37:1,1
124,3,1.7763568394002505e-15,1.7763568394002505e-15,0.0,0.0,3,solved,0.0|2.0|1.0,17,3,30,14,12,0:12;12:1;13:1;14:1;15:1;16:2;18:1;19:1;20:1;21:1;22:1;23:3;26:1;27:1;28:1;29:1,1
125,3,3.353981633974483,0.0,3.353981633974483,inf,7,solved,1.5|1.0|1.0,26,5,48,23,18,0:18;18:1;19:1;20:1;21:1;22:1;23:3;26:2;28:1;29:1;30:1;31:1;32:3;35:2;37:1;38:1;39:1;40:1;41:1;42:1;43:1;44:1;45:1;46:1;47:1,1
126,3,0.0,0.0,0.0,0.0,4,solved,0.5|0.5|2.0,13,3,29,17,12,0:12;12:1;13:1;14:1;15:1;16:2;18:1;19:1;20:6;26:1;27:1;28:1,1
127,3,2.7123889803846897,2.7123889803846897,0.0,0.0,3,solved,1.0|2.0|1.0,11,2,37,27,27,0:27;27:1;28:2;29:1;43:1;44:1;45:1;46:1;47:1;48:1,0
128,3,0.0,0.0,0.0,0.0,2,solved,1.5|1.0|2.0,17,2,28,12,12,0:12;12:1;13:1;14:1;15:1;16:1;17:1;18:1;19:2;21:1;22:1;23:1;24:1;25:1;26:1;27:1,1
129,3,0.0,0.0,0.0,0.0,2,solved,0.5|2.0|1.5,13,2,16,4,4,0:4;4:1;5:1;6:1;7:1;8:1;9:1;10:2;12:1;13:1;14:1;15:1,1
130,3,0.0,0.0,0.0,0.0,4,solved,1.5|2.0|1.0,19,4,33,15,12,0:12;12:1;13:1;14:1;15:1;16:2;18:1;19:1;20:3;23:2;25:1;26:1;27:1;28:1;29:1;30:1;31:1;32:1,1
131,3,7.141592653589793,1.5707963267948983,5.570796326794895,3.54647908947032,5,solved,0.5|0.5|0.0,17,5,32,16,12,0:12;12:2;14:1;15:1;16:1;17:2;19:1;20:1;21:1;22:2;24:1;25:1;26:3;29:1;30:1;31:1,0
132,3,4.712388980384688,1.5707963267948966,3.1415926535897913,1.999999999999999,5,solved,1.0|1.0|2.0,23,2,32,10,8,0:8;7:1;95:1;96:1;97:1;98:1;99:1;100:1;101:1;102:1;103:4;105:1;118:1;119:1;120:1;121:1;122:1;123:1;124:1;125:1;126:1;127:1,0
133,3,1.6415926535897931,1.6415926535897931,0.0,0.0,3,solved,1.0|1.0|0.5,11,3,17,7,6,0:6;6:1;7:1;8:1;9:2;11:1;12:1;13:1;14:2;15:1,0
134,3,0.0,0.0,0.0,0.0,3,solved,2.0|1.5|1.0,21,3,40,20,18,0:18;18:1;19:1;20:1;21:1;22:1;23:1;24:2;26:1;27:1;28:1;29:1;30:1;31:3;34:1;35:1;36:1;37:1;38:1;39:1,1
135,3,11.424777960769376,8.995574287564276,2.4292036732051,0.2700443124085248,8,solved,0.0|1.0|0.0,24,7,52,29,16,0:16;11:1;273:2;275:2;277:4;280:1;322:4;326:1;327:1;328:4;331:1;347:4;351:1;352:1;353:1;354:1;355:1;356:1;357:1;358:1;359:1;360:1;361:1,0
136,3,3.552713678800501e-15,3.552713678800501e-15,0.0,0.0,4,solved,1.5|1.5|1.0,16,4,26,11,8,0:8;8:1;9:1;10:1;11:2;13:1;14:1;15:2;17:1;18:3;21:1;22:1;23:1;24:1;25:1,1
137,3,2.9292036732051034,1.7168146928204138,1.2123889803846897,0.7061851144767147,4,solved,1.0|0.5|0.5,19,1,29,11,12,0:12;11:1;44:1;45:1;46:1;47:1;48:1;49:1;50:1;51:1;52:1;53:1;54:1;55:1;56:1;57:1;58:1;59:1,0
138,3,0.0,0.0,0.0,0.0,3,solved,2.0|1.0|2.0,18,3,30,13,12,0:12;12:1;13:1;14:1;15:1;16:2;18:1;19:1;20:1;21:1;22:1;23:1;24:1;25:2;27:1;28:1;29:1,1
139,3,1.7831853071795862,1.7831853071795862,0.0,0.0,5,solved,1.5|1.5|1.0,20,5,34,15,12,0:12;12:1;13:2;14:1;53:2;55:1;56:1;57:1;58:2;59:1;63:2;65:1;66:1;67:1;68:1;69:1;70:1;71:1;72:1,0
140,3,2.853981633974483,2.8539816339744846,-1.7763568394002505e-15,-6.224135496367849e-16,6,solved,1.0|1.5|1.5,18,5,28,11,8,0:8;7:1;47:2;48:1;52:2;54:1;55:1;56:2;57:1;62:2;64:1;65:1;66:1;67:1;68:1;69:1;70:1,0
141,3,0.42920367320510344,0.42920367320510344,0.0,0.0,5,solved,0.5|1.0|0.5,18,2,29,12,12,0:12;12:1;13:1;14:1;15:2;16:1;41:1;42:1;43:1;44:1;45:1;46:1;47:1;48:1;49:1;50:1;51:1,0
142,3,2.7123889803846897,2.7123889803846897,0.0,0.0,4,solved,1.5|2.0|1.0,20,4,33,14,12,0:12;12:1;13:1;14:2;15:1;41:1;42:2;44:1;45:1;46:1;47:1;48:2;50:1;51:1;52:1;53:1;54:1;55:1;56:1,0
143,3,0.0,0.0,0.0,0.0,3,solved,1.0|0.5|2.0,19,3,31,13,12,0:12;12:1;13:1;14:1;15:1;16:1;17:1;18:1;19:2;21:2;23:1;24:1;25:1;26:1;27:1;28:1;29:1;30:1,1
144,3,7.0663706143591725,2.7123889803846897,4.353981633974483,1.605220219320081,6,solved,0.0|1.0|1.5,25,4,44,20,18,0:18;18:1;19:2;20:1;49:1;50:1;51:2;53:1;54:1;55:1;56:1;57:2;59:1;60:1;61:1;62:1;63:1;64:1;65:1;66:1;67:1;68:1;69:1;70:1,0
145,3,3.9247779607693793,3.9247779607693793,0.0,0.0,4,solved,0.5|1.5|2.0,16,3,34,19,18,0:18;18:1;19:1;20:2;21:1;57:1;58:1;59:2;60:1;70:1;71:1;72:1;73:1;74:1;75:1,0
146,3,0.0,0.0,0.0,0.0,2,solved,2.0|0.0|0.5,14,2,23,10,9,0:9;9:1;10:1;11:1;12:1;13:1;14:1;15:3;18:1;19:1;20:1;21:1;22:1,1
147,3,8.566370614359172,7.853981633974483,0.7123889803846897,0.09070418210593491,4,solved,1.0|0.5|1.0,16,4,35,20,18,0:18;17:1;53:1;54:2;55:2;65:1;69:1;70:1;71:1;72:2;74:1;75:1;76:1;77:1;78:1,0
148,3,1.2168146928204138,1.2168146928204138,0.0,0.0,3,solved,2.0|0.5|2.0,20,2,37,18,18,0:18;17:1;61:1;62:1;63:1;64:1;65:1;66:1;67:1;68:1;69:1;70:2;71:1;77:1;78:1;79:1;80:1;81:1;82:1,0
149,3,0.0,0.0,0.0,0.0,4,solved,0.5|0.5|1.5,17,4,23,7,4,0:4;4:1;5:1;6:1;7:2;9:1;10:1;11:2;13:1;14:1;15:1;16:3;19:1;20:1;21:1;22:1,1
150,3,3.7168146928204138,2.6460183660255154,1.0707963267948983,0.40468212184154306,4,solved,2.0|0.5|1.5,17,2,34,18,18,0:18;17:1;65:1;66:1;67:1;68:1;69:2;70:1;74:1;75:1;76:1;77:1;78:1;79:1;80:1;81:1,0
151,3,0.0,0.0,0.0,0.0,2,solved,2.0|1.5|1.5,14,2,19,6,6,0:6;6:1;7:1;8:1;9:1;10:1;11:1;12:2;14:1;15:1;16:1;17:1;18:1,1
152,3,4.424777960769379,3.0,1.4247779607693793,0.47492598692312643,6,solved,1.5|0.5|1.0,19,4,40,22,18,0:18;16:1;204:1;205:2;206:1;225:1;226:2;228:4;230:1;242:1;243:1;244:1;245:1;246:1;247:1;248:1;249:1;250:1,0
153,3,2.2831853071795862,2.2831853071795862,0.0,0.0,4,solved,1.0|1.5|1.0,16,3,59,44,27,0:27;27:1;28:1;29:1;30:1;31:1;32:18;49:1;63:1;64:1;65:1;66:2;68:1;69:1;70:1,0
154,3,6.28761101961531,5.21238898038469,1.0752220392306207,0.20628200298882263,5,solved,1.0|1.0|0.5,16,5,28,13,8,0:8;8:1;9:2;11:1;12:1;13:2;15:2;17:1;18:4;21:1;28:1;29:1;30:1;31:1;32:1,0
155,3,2.641592653589793,0.42920367320510344,2.2123889803846897,5.154636641069603,4,solved,0.0|1.5|0.0,21,4,40,20,18,0:18;18:1;19:1;20:2;21:1;43:2;45:1;46:1;47:1;48:1;49:2;51:1;52:1;53:1;54:1;55:1;56:1;57:1;58:1;59:1,0
156,3,2.7123889803846897,2.7123889803846897,0.0,0.0,6,solved,1.0|2.0|1.5,24,3,36,13,12,0:12;12:1;13:1;14:2;15:1;42:1;43:2;45:1;46:1;47:1;48:1;49:1;50:1;51:1;52:1;53:1;54:1;55:1;56:1;57:1;58:1;59:1;60:1,0
157,3,0.7168146928204138,0.0,0.7168146928204138,inf,5,solved,1.5|0.0|1.0,26,2,37,12,12,0:12;9:1;147:1;148:1;149:1;150:1;151:1;152:1;153:2;155:1;156:1;157:1;158:1;159:1;160:1;161:1;162:1;163:1;164:1;165:1;166:1;167:1;168:1;169:1;170:1,1
158,3,3.7876110196153103,0.0,3.7876110196153103,inf,4,solved,0.0|1.0|0.5,20,3,28,9,8,0:8;7:1;42:1;43:1;44:1;45:1;46:2;48:1;49:1;50:1;51:1;52:1;53:1;54:2;56:1;57:1;58:1;59:1;60:1,1
159,3,0.0,0.0,0.0,0.0,1,solved,1.0|1.5|0.5,11,1,15,5,6,0:6;6:1;7:1;8:1;9:1;10:1;11:1;12:1;13:1;14:1,1
160,3,4.71238898038469,1.5707963267948966,3.141592653589793,2.0,5,solved,1.0|0.5|0.5,18,2,29,12,12,0:12;11:2;63:1;68:1;69:1;70:1;71:1;72:1;73:1;74:1;75:1;76:1;77:1;78:1;79:1;80:1;81:1,0
161,3,0.21681469282041377,0.21681469282041377,0.0,0.0,4,solved,0.5|1.0|1.0,18,4,36,19,12,0:12;12:1;13:1;14:1;15:1;16:3;19:2;21:1;22:6;27:1;37:1;38:1;39:1;40:1;41:1;42:1;43:1,0
162,3,0.0,0.0,0.0,0.0,2,solved,0.0|2.0|1.5,13,2,20,8,8,0:8;8:1;9:1;10:1;11:1;12:2;14:1;15:1;16:1;17:1;18:1;19:1,1
163,3,0.0,0.0,0.0,0.0,3,solved,0.5|2.0|1.0,19,3,38,20,18,0:18;18:1;19:1;20:1;21:1;22:1;23:1;24:1;25:1;26:3;29:1;30:1;31:1;32:2;34:1;35:1;36:1;37:1,1
164,3,0.0,0.0,0.0,0.0,2,solved,2.0|1.5|0.0,12,2,17,6,6,0:6;6:1;7:1;8:1;9:1;10:1;11:2;13:1;14:1;15:1;16:1,1
165,3,0.07079632679489833,0.07079632679489833,0.0,0.0,3,solved,2.0|2.0|0.5,12,2,17,6,6,0:6;6:1;7:2;8:1;19:1;20:1;21:1;22:1;23:1;24:1;25:1,0
166,3,0.0,0.0,0.0,0.0,3,solved,1.0|1.0|0.5,14,3,19,6,4,0:4;4:1;5:1;6:1;7:2;9:1;10:1;11:1;12:3;15:1;16:1;17:1;18:1,1
167,3,3.5,3.5,0.0,0.0,5,solved,0.0|0.5|2.0,18,2,25,8,8,0:8;8:2;9:1;31:1;32:1;33:1;34:1;35:1;36:1;37:1;38:1;39:1;40:1;41:1;42:1;43:1;44:1,0
168,3,3.5,3.552713678800501e-15,3.4999999999999964,inf,5,solved,1.5|1.5|2.0,25,5,40,16,12,0:12;12:1;13:1;14:1;15:1;16:1;17:2;19:1;20:2;22:1;23:1;24:1;25:2;27:3;30:1;31:1;32:1;33:1;34:1;35:1;36:1;37:1;38:1;39:1,1
169,3,10.5,1.7168146928204138,8.783185307179586,5.115977480802202,7,solved,1.0|0.5|1.5,29,5,39,11,8,0:8;8:1;9:1;10:1;11:1;12:1;13:1;14:2;16:2;18:2;19:1;96:2;98:1;99:1;100:1;101:1;102:1;103:1;104:1;105:1;106:1;107:1;108:1;109:1;110:1;111:1;112:1;113:1,0
170,3,1.5707963267948966,1.5707963267949,-3.552713678800501e-15,-2.2617277734851624e-15,4,solved,1.5|1.5|1.5,15,4,21,7,4,0:4;4:2;6:1;7:1;8:1;9:2;11:1;12:1;13:1;14:3;17:1;18:1;19:1;20:1,0
171,3,4.21238898038469,2.0707963267948966,2.141592653589793,1.0341879719791045,3,solved,1.0|1.0|1.5,12,3,16,5,3,0:3;3:1;4:2;6:1;7:1;8:3;11:1;12:1;13:1;14:1;15:1,0
172,3,0.0,0.0,0.0,0.0,4,solved,1.5|1.0|0.5,21,4,35,15,12,0:12;12:1;13:1;14:1;15:1;16:1;17:1;18:2;20:1;21:2;23:1;24:3;27:1;28:1;29:1;30:1;31:1;32:1;33:1;34:1,1
173,3,0.5707963267948983,0.5707963267948983,0.0,0.0,6,solved,0.5|0.0|1.5,27,2,38,12,12,0:12;11:1;82:1;83:1;84:1;85:1;86:1;87:1;88:1;89:1;90:1;91:1;92:1;93:1;94:2;95:1;98:1;99:1;100:1;101:1;102:1;103:1;104:1;105:1;106:1;107:1,0
174,3,2.7123889803846897,2.7123889803846897,0.0,0.0,4,solved,0.0|1.5|2.0,16,3,24,9,8,0:8;8:1;9:2;10:1;25:1;26:1;27:2;29:1;30:1;31:1;32:1;33:1;34:1;35:1;36:1,0
175,3,1.6415926535897931,0.9292036732051034,0.7123889803846897,0.7666661259823107,5,solved,1.0|0.5|1.0,19,2,30,12,12,0:12;11:1;58:1;59:1;60:2;61:1;68:1;69:1;70:1;71:1;72:1;73:1;74:1;75:1;76:1;77:1;78:1;79:1,0
176,3,0.9292036732051034,0.9292036732051034,0.0,0.0,3,solved,1.0|1.0|1.5,14,2,31,18,18,0:18;18:1;19:1;20:1;21:2;22:1;39:1;40:1;41:1;42:1;43:1;44:1;45:1,0
177,3,2.3584073464102104,1.7168146928204138,0.6415926535897967,0.3737110686860309,3,solved,0.5|0.5|2.0,16,1,18,3,4,0:4;3:1;31:1;32:1;33:1;34:1;35:1;36:1;37:1;38:1;39:1;40:1;41:1;42:1;43:1,0
178,3,0.0,0.0,0.0,0.0,2,solved,1.0|0.5|1.5,17,2,35,19,18,0:18;18:1;19:1;20:1;21:1;22:1;23:1;24:1;25:1;26:3;29:1;30:1;31:1;32:1;33:1;34:1,1
179,3,2.7123889803846897,2.7123889803846897,0.0,0.0,4,solved,1.0|1.0|0.5,18,3,26,9,8,0:8;8:1;9:1;10:2;11:1;28:1;29:1;30:2;32:1;33:1;34:1;35:1;36:1;37:1;38:1;39:1;40:1,0
180,3,0.0,0.0,0.0,0.0,1,solved,2.0|1.5|1.0,13,1,38,26,27,0:27;27:1;28:1;29:1;30:1;31:1;32:1;33:1;34:1;35:1;36:1;37:1,1
181,3,0.0,0.0,0.0,0.0,3,solved,2.0|0.0|1.5,16,2,27,12,12,0:12;12:1;13:1;14:1;15:1;16:1;17:1;18:1;19:1;20:2;22:1;23:1;24:1;25:1;26:1,1
182,3,3.0,3.0,0.0,0.0,3,solved,0.0|1.0|1.0,12,3,35,24,18,0:18;18:1;19:1;20:1;21:3;24:6;29:1;36:1;37:1;38:1;39:1,0
183,3,5.5,3.5707963267948966,1.9292036732051034,0.5402726721567828,4,solved,2.0|1.5|0.0,17,4,47,31,27,0:27;27:1;28:1;29:2;31:1;32:1;33:3;36:1;37:1;38:1;39:1;40:3;43:1;44:1;45:1;46:1,0
184,3,0.2123889803846879,0.0,0.2123889803846879,inf,5,solved,1.5|1.5|0.0,21,2,32,12,12,0:12;11:1;50:1;51:1;52:1;53:1;54:1;55:1;56:1;57:1;58:2;59:1;69:1;70:1;71:1;72:1;73:1;74:1;75:1;76:1,1
185,3,2.7123889803846897,2.7123889803846897,0.0,0.0,5,solved,1.5|2.0|0.5,21,4,30,10,8,0:8;8:1;9:1;10:1;11:2;12:1;32:1;33:1;34:2;36:1;37:1;38:1;39:2;41:1;42:1;43:1;44:1;45:1;46:1;47:1,0
186,3,0.0,0.0,0.0,0.0,3,solved,0.0|1.0|1.0,16,3,28,13,12,0:12;12:1;13:1;14:2;16:1;17:1;18:1;19:1;20:1;21:1;22:2;24:1;25:1;26:1;27:1,1
187,3,2.7123889803846897,2.7123889803846897,0.0,0.0,4,solved,0.0|0.5|2.0,14,3,20,7,6,0:6;6:1;7:2;8:1;23:1;24:1;25:1;26:1;27:2;29:1;30:1;31:1;32:1,0
188,3,0.0,0.0,0.0,0.0,2,solved,0.5|2.0|0.5,11,2,12,2,2,0:2;2:1;3:1;4:1;5:1;6:2;8:1;9:1;10:1;11:1,1
189,3,0.0,0.0,0.0,0.0,1,solved,2.0|1.5|0.0,12,1,28,17,18,0:18;18:1;19:1;20:1;21:1;22:1;23:1;24:1;25:1;26:1;27:1,1
190,3,5.924777960769379,2.7123889803846897,3.2123889803846897,1.1843393420397565,5,solved,1.5|1.0|1.0,19,4,26,8,6,0:6;6:1;7:1;8:2;9:1;28:1;29:2;31:1;32:2;34:1;35:1;36:1;37:1;38:1;39:1;40:1;41:1;42:1,0
191,3,0.0,0.0,0.0,0.0,4,solved,1.0|0.0|0.0,19,4,27,9,6,0:6;6:1;7:1;8:1;9:1;10:2;12:1;13:1;14:1;15:3;18:2;20:1;21:1;22:1;23:1;24:1;25:1;26:1,1
192,3,0.6415926535898038,0.0,0.6415926535898038,inf,5,solved,1.0|1.5|0.5,27,2,38,12,12,0:12;11:1;143:1;144:1;145:1;146:1;147:1;148:1;149:2;150:1;162:1;163:1;164:1;165:1;166:1;167:1;168:1;169:1;170:1;171:1;172:1;173:1;174:1;175:1;176:1;177:1,1
193,3,0.9292036732051052,0.9292036732051017,3.552713678800501e-15,3.823396076929106e-15,4,solved,1.0|0.5|0.5,26,6,49,24,18,0:18;18:1;19:1;20:1;21:2;23:1;24:1;25:3;28:1;29:1;30:1;31:1;32:1;33:3;36:2;38:1;39:1;40:1;41:1;42:1;43:1;44:1;45:1;46:2;47:1,0
194,3,0.0,0.0,0.0,0.0,2,solved,0.5|2.0|2.0,14,2,25,12,12,0:12;12:1;13:1;14:1;15:1;16:1;17:1;18:1;19:1;20:2;22:1;23:1;24:1,1
195,3,0.0,0.0,0.0,0.0,2,solved,1.5|1.5|2.0,14,2,21,8,8,0:8;8:1;9:1;10:1;11:1;12:1;13:1;14:1;15:2;17:1;18:1;19:1;20:1,1
196,3,0.0,0.0,0.0,0.0,1,solved,0.5|2.0|2.0,12,1,28,17,18,0:18;18:1;19:1;20:1;21:1;22:1;23:1;24:1;25:1;26:1;27:1,1
197,3,2.7123889803846897,2.7123889803846897,0.0,0.0,5,solved,2.0|2.0|0.0,20,4,33,14,12,0:12;12:1;13:1;14:2;15:1;38:1;39:2;41:1;42:1;43:2;45:1;46:1;47:1;48:1;49:1;50:1;51:1;52:1;53:1,0
198,3,5.924777960769379,4.429203673205103,1.495574287564276,0.33766211669422597,3,solved,1.5|1.0|1.0,19,2,36,18,18,0:18;16:1;136:1;137:2;138:1;144:1;145:1;146:1;147:1;148:1;149:1;150:1;151:1;152:1;153:1;154:1;155:1;156:1,0
199,3,1.4292036732051034,0.0,1.4292036732051034,inf,2,solved,0.0|0.0|1.0,15,1,25,11,12,0:12;11:1;31:1;32:1;33:1;34:1;35:1;36:1;37:1;38:1;39:1;40:1;41:1;42:1,1
200,3,3.5,3.5,0.0,0.0,3,solved,1.0|2.0|1.5,13,2,16,4,4,0:4;4:1;5:1;6:2;7:1;23:1;24:1;25:1;26:1;27:1;28:1;29:1,0
201,3,1.5707963267948966,1.5707963267948966,0.0,0.0,4,solved,2.0|2.0|0.0,15,4,20,6,4,0:4;4:2;5:1;22:1;23:2;25:1;26:1;27:1;28:2;30:1;31:1;32:1;33:1;34:1,0
202,3,1.0707963267948983,1.0707963267948966,1.7763568394002505e-15,1.658911965749112e-15,4,solved,1.0|1.0|0.5,20,4,29,10,8,0:8;8:1;9:1;10:1;11:1;12:1;13:2;14:2;37:2;43:1;44:1;45:1;46:1;47:1;48:1;49:1;50:1;51:1;52:1,0
203,3,0.5707963267948966,0.5707963267948966,0.0,0.0,4,solved,1.0|0.0|1.0,14,2,21,8,8,0:8;8:2;9:1;22:1;23:1;24:1;25:1;26:1;27:1;28:1;29:1;30:1;31:1,0
204,3,4.0,4.0,0.0,0.0,4,solved,1.0|1.5|1.5,12,4,17,6,4,0:4;4:1;5:2;7:1;8:1;9:2;11:1;12:2;14:1;15:1;16:1,0
205,3,2.7123889803846897,2.7123889803846897,0.0,0.0,3,solved,1.5|1.0|2.0,18,2,35,18,18,0:18;18:1;19:1;20:2;21:1;37:1;38:1;39:1;40:1;41:1;42:1;43:1;44:1;45:1;46:1;47:1;48:1,0
206,3,0.0,0.0,0.0,0.0,2,solved,0.5|0.0|1.5,16,2,27,12,12,0:12;12:1;13:1;14:1;15:1;16:1;17:1;18:1;19:2;21:1;22:1;23:1;24:1;25:1;26:1,1
207,3,2.7123889803846897,2.0,0.7123889803846897,0.35619449019234484,4,solved,2.0|1.5|1.5,20,2,31,12,12,0:12;12:1;13:1;14:2;15:1;35:1;36:1;37:1;38:1;39:1;40:1;41:1;42:1;43:1;44:1;45:1;46:1;47:1;48:1,0
208,3,0.0,0.0,0.0,0.0,4,solved,2.0|0.5|1.5,24,4,44,21,18,0:18;18:1;19:1;20:1;21:1;22:1;23:1;24:1;25:2;27:1;28:1;29:1;30:1;31:3;34:1;35:2;37:1;38:1;39:1;40:1;41:1;42:1;43:1,1
209,3,4.141592653589793,4.141592653589793,0.0,0.0,4,solved,1.0|2.0|0.5,13,3,17,5,4,0:4;4:1;5:2;6:1;34:2;35:1;44:1;45:1;46:1;47:1;48:1;49:1,0
210,3,0.0,3.552713678800501e-15,-3.552713678800501e-15,0.0,4,solved,1.5|0.0|0.0,19,4,33,15,12,0:12;12:1;13:1;14:2;16:1;17:1;18:2;20:3;23:1;24:1;25:1;26:1;27:1;28:1;29:1;30:1;31:1;32:1,1
211,3,3.7123889803846897,1.7168146928204138,1.995574287564276,1.1623702289534295,5,solved,2.0|0.5|1.0,25,4,38,14,12,0:12;12:1;13:1;14:1;15:1;16:1;17:1;18:1;19:2;21:2;22:1;64:1;65:2;67:1;68:1;69:1;70:1;71:1;72:1;73:1;74:1;75:1;76:1;77:1,0
212,3,0.9292036732051017,0.9292036732051017,0.0,0.0,4,solved,1.5|2.0|2.0,18,4,36,19,12,0:12;12:1;13:1;14:1;15:1;16:2;18:3;21:1;22:6;27:1;37:1;38:1;39:1;40:1;41:1;42:1;43:1,0
213,3,0.0,0.0,0.0,0.0,5,solved,0.5|0.5|1.0,21,3,33,13,12,0:12;10:1;90:1;91:1;92:1;93:1;94:2;96:1;97:1;98:1;99:1;100:1;101:1;102:1;103:2;105:1;106:1;107:1;108:1;109:1,1
214,3,2.641592653589793,2.641592653589793,0.0,0.0,2,solved,1.5|1.5|0.0,9,2,14,6,6,0:6;6:1;7:1;8:2;9:1;15:1;16:1;17:1,0
215,3,0.21238898038468967,0.21238898038468967,0.0,0.0,4,solved,1.0|1.5|0.5,18,2,35,18,18,0:18;17:1;81:1;82:1;83:1;84:1;85:1;86:1;87:1;88:1;89:1;90:1;91:1;92:2;93:1;97:1;98:1,0
216,3,0.0,0.0,0.0,0.0,3,solved,1.0|1.0|2.0,11,2,12,2,2,0:2;2:1;3:1;4:1;5:1;6:2;8:1;9:1;10:1;11:1,1
217,3,0.0,0.0,0.0,0.0,4,solved,1.0|1.5|1.5,24,4,47,24,18,0:18;18:1;19:1;20:1;21:2;23:1;24:1;25:1;26:1;27:1;28:1;29:2;31:6;37:1;38:1;39:1;40:1;41:1;42:1;43:1;44:1;45:1;46:1,1
218,3,0.0,0.0,0.0,0.0,3,solved,1.5|1.5|1.0,16,3,23,8,6,0:6;6:1;7:1;8:1;9:1;10:1;11:2;13:1;14:1;15:3;18:1;19:1;20:1;21:1;22:1,1
219,3,2.7123889803846897,2.7123889803846897,0.0,0.0,3,solved,0.5|0.0|2.0,16,3,34,19,18,0:18;18:1;19:2;20:1;36:1;37:1;38:1;39:1;40:1;41:2;43:1;44:1;45:1;46:1;47:1,0
220,3,0.0,0.0,0.0,0.0,3,solved,1.0|1.0|1.0,15,3,23,9,8,0:8;8:1;9:1;10:1;11:2;13:1;14:1;15:2;17:1;18:1;19:1;20:1;21:1;22:1,1
221,3,2.641592653589793,1.7763568394002505e-15,2.6415926535897913,inf,4,solved,1.5|0.5|2.0,21,2,38,18,18,0:18;17:1;67:1;68:1;69:1;70:1;71:1;72:2;74:1;75:1;76:1;77:1;78:1;79:1;80:1;81:1;82:1;83:1;84:1;85:1,1
222,3,0.0,0.0,0.0,0.0,4,solved,0.5|1.5|0.5,18,4,28,11,8,0:8;8:1;9:1;10:1;11:2;13:1;14:1;15:1;16:1;17:2;19:1;20:3;23:1;24:1;25:1;26:1;27:1,1
223,3,3.5,3.5,0.0,0.0,4,solved,2.0|0.5|1.0,17,2,28,12,12,0:12;12:1;13:2;14:1;31:1;32:1;33:1;34:1;35:1;36:1;37:1;38:1;39:1;40:1;41:1;42:1,0
224,3,0.0,0.0,0.0,0.0,4,solved,0.5|1.5|1.0,23,4,37,15,12,0:12;12:1;13:1;14:1;15:1;16:1;17:1;18:2;20:1;21:2;23:1;24:1;25:1;26:1;27:3;30:1;31:1;32:1;33:1;34:1;35:1;36:1,1
225,3,0.0,1.7763568394002505e-15,-1.7763568394002505e-15,0.0,2,solved,1.0|2.0|2.0,15,3,20,6,4,0:4;4:1;5:1;6:1;7:1;8:2;10:1;11:1;12:1;13:1;14:3;17:1;18:1;19:1,1
226,3,0.0,0.0,0.0,0.0,3,solved,0.5|0.5|1.5,18,3,31,14,12,0:12;12:1;13:1;14:1;15:1;16:1;17:1;18:1;19:3;22:2;24:1;25:1;26:1;27:1;28:1;29:1;30:1,1
227,3,4.21238898038469,2.0707963267948966,2.141592653589793,1.0341879719791045,4,solved,2.0|1.5|2.0,16,4,25,10,8,0:8;8:1;9:2;11:1;12:1;13:1;14:1;15:1;16:2;18:2;20:1;21:1;22:1;23:1;24:1,0
228,3,2.7831853071795862,0.0,2.7831853071795862,inf,4,solved,0.5|0.0|0.0,17,3,29,13,12,0:12;12:1;13:1;14:1;15:1;16:2;18:2;20:1;21:1;22:1;23:1;24:1;25:1;26:1;27:1;28:1,1
229,3,2.0707963267948966,2.0707963267948966,0.0,0.0,3,solved,1.0|0.5|1.0,14,3,26,13,12,0:12;12:1;13:1;14:1;15:1;16:2;18:1;19:2;20:1;27:1;28:1;29:1;30:1,0
230,3,6.424777960769379,2.0707963267949,4.353981633974479,2.102563915937308,7,solved,1.0|1.0|0.5,20,7,39,20,12,0:12;12:1;13:2;15:1;16:2;18:1;19:3;22:1;23:1;24:2;26:1;27:1;28:3;31:3;34:1;35:1;36:1;37:1;38:1,0
231,3,0.0,0.0,0.0,0.0,4,solved,2.0|1.0|1.0,22,4,43,22,18,0:18;18:1;19:1;20:1;21:1;22:1;23:1;24:3;27:2;29:1;30:1;31:1;32:1;33:3;36:1;37:1;38:1;39:1;40:1;41:1;42:1,1
232,3,0.0,0.0,0.0,0.0,2,solved,1.5|1.0|0.5,17,2,28,12,12,0:12;12:1;13:1;14:1;15:1;16:1;17:1;18:1;19:2;21:1;22:1;23:1;24:1;25:1;26:1;27:1,1
233,3,8.929203673205103,8.929203673205103,0.0,0.0,5,solved,1.0|1.0|0.5,18,4,31,14,12,0:12;11:1;67:2;69:1;70:2;71:1;75:2;77:1;78:1;79:1;80:1;81:1;82:1;83:1;84:1;85:1;86:1,0
234,3,7.141592653589793,7.141592653589793,0.0,0.0,3,solved,2.0|1.0|2.0,11,3,23,13,12,0:12;12:1;13:2;14:1;35:1;36:2;37:1;44:1;45:1;46:1,0
235,3,0.0,0.0,0.0,0.0,2,solved,1.0|1.5|2.0,17,2,28,12,12,0:12;12:1;13:1;14:1;15:1;16:1;17:1;18:1;19:2;21:1;22:1;23:1;24:1;25:1;26:1;27:1,1
236,3,0.0,0.0,0.0,0.0,4,solved,0.0|0.0|1.5,19,4,28,10,6,0:6;6:1;7:1;8:1;9:1;10:3;13:2;15:1;16:1;17:3;20:1;21:1;22:1;23:1;24:1;25:1;26:1;27:1,1
237,3,0.0,0.0,0.0,0.0,3,solved,0.5|1.0|1.5,19,3,25,7,6,0:6;6:1;7:1;8:1;9:1;10:1;11:1;12:2;14:1;15:1;16:2;18:1;19:1;20:1;21:1;22:1;23:1;24:1,1
238,3,0.0,0.0,0.0,0.0,3,solved,1.5|1.5|0.0,17,3,25,9,8,0:8;8:1;9:1;10:1;11:1;12:1;13:1;14:2;16:2;18:1;19:1;20:1;21:1;22:1;23:1;24:1,1
239,3,1.3584073464102069,0.0,1.3584073464102069,inf,5,solved,0.5|1.0|0.0,20,2,27,8,8,0:8;7:1;42:1;43:1;44:1;45:1;46:1;47:1;48:2;50:1;51:1;52:1;53:1;54:1;55:1;56:1;57:1;58:1;59:1,1
240,3,0.0,0.0,0.0,0.0,3,solved,0.0|0.5|0.5,18,3,27,10,8,0:8;8:1;9:1;10:1;11:1;12:1;13:2;15:1;16:1;17:1;18:1;19:3;22:1;23:1;24:1;25:1;26:1,1
241,3,4.712388980384688,0.0,4.712388980384688,inf,5,solved,1.0|1.0|1.0,19,2,26,8,8,0:8;7:1;93:1;94:1;95:2;96:1;133:1;134:1;135:1;136:1;137:1;138:1;139:1;140:1;141:1;142:1;143:1;144:1,1
242,3,2.0,2.0,0.0,0.0,5,solved,0.5|0.0|2.0,20,4,29,10,8,0:8;8:1;9:1;10:2;11:1;43:1;44:1;45:2;47:1;48:1;49:1;50:2;52:1;53:1;54:1;55:1;56:1;57:1;58:1,0
243,3,1.0707963267948966,1.0707963267948966,0.0,0.0,6,solved,1.0|1.0|0.5,23,4,32,10,8,0:8;7:1;61:2;62:1;66:2;68:1;69:1;70:2;72:1;73:1;74:1;75:1;76:1;77:1;78:1;79:1;80:1;81:1;82:1;83:1;84:1;85:1,0
244,3,2.7123889803846897,2.7123889803846897,0.0,0.0,3,solved,1.0|2.0|1.5,13,2,18,6,6,0:6;6:1;7:1;8:1;9:2;10:1;20:1;21:1;22:1;23:1;24:1;25:1,0
245,3,0.0,0.0,0.0,0.0,5,solved,0.5|1.5|0.0,24,3,32,9,8,0:8;8:1;9:1;10:1;11:1;12:2;13:1;51:1;52:1;53:1;54:1;55:1;56:1;57:1;58:2;60:1;61:1;62:1;63:1;64:1;65:1;66:1;67:1,1
246,3,0.0,0.0,0.0,0.0,3,solved,0.5|0.5|0.0,13,3,20,8,6,0:6;6:1;7:1;8:1;9:2;11:1;12:3;15:1;16:1;17:1;18:1;19:1,1
247,3,0.0,0.0,0.0,0.0,4,solved,0.5|1.0|0.0,19,4,29,11,8,0:8;8:1;9:1;10:1;11:1;12:2;14:1;15:1;16:1;17:2;19:1;20:1;21:3;24:1;25:1;26:1;27:1;28:1,1
248,3,2.7123889803846897,2.7123889803846897,0.0,0.0,3,solved,1.0|1.0|2.0,18,2,44,27,27,0:27;27:1;28:1;29:2;30:1;47:1;48:1;49:1;50:1;51:1;52:1;53:1;54:1;55:1;56:1;57:1;58:1,0
249,3,1.7831853071795862,1.7831853071795862,0.0,0.0,5,solved,0.0|1.0|1.5,22,4,50,29,27,0:27;26:1;165:1;166:1;167:1;168:1;169:1;170:2;171:2;191:1;195:1;196:1;197:1;198:1;199:2;200:1;205:1;206:1;207:1;208:1;209:1,0
250,3,2.0,3.552713678800501e-15,1.9999999999999964,inf,6,solved,0.0|2.0|0.5,21,3,33,13,12,0:12;10:1;65:1;66:2;68:1;69:1;70:1;71:1;72:1;73:2;75:1;76:1;77:1;78:1;79:1;80:1;81:1;82:1;83:1;84:1,1
251,3,0.0,0.0,0.0,0.0,3,solved,0.5|1.0|1.5,19,3,31,13,12,0:12;12:1;13:1;14:1;15:1;16:1;17:2;19:1;20:1;21:1;22:1;23:1;24:1;25:1;26:2;28:1;29:1;30:1,1
252,3,2.0,2.0,0.0,0.0,4,solved,1.0|2.0|1.5,18,3,36,19,18,0:18;17:1;52:1;53:2;54:1;60:1;61:2;63:1;64:1;65:1;66:1;67:1;68:1;69:1;70:1;71:1;72:1,0
253,3,1.9955742875642741,1.9955742875642741,0.0,0.0,3,solved,1.5|0.5|0.0,14,3,24,11,9,0:9;9:1;10:1;11:1;12:1;13:1;14:1;15:3;18:1;19:1;20:1;21:2;22:1,0
254,3,1.4292036732051034,1.4292036732051034,0.0,0.0,3,solved,0.5|1.5|0.0,14,2,31,18,18,0:18;18:1;19:1;20:1;21:1;22:1;23:2;24:1;33:1;34:1;35:1;36:1;37:1,0
255,3,0.0,0.0,0.0,0.0,5,solved,0.0|1.0|1.5,24,2,31,8,8,0:8;8:1;9:1;10:1;11:1;12:2;13:1;51:1;52:1;53:1;54:1;55:1;56:1;57:1;58:1;59:1;60:1;61:1;62:1;63:1;64:1;65:1;66:1,1
256,3,0.0,1.7763568394002505e-15,-1.7763568394002505e-15,0.0,3,solved,2.0|2.0|0.5,16,4,30,15,12,0:12;12:1;13:1;14:1;15:1;16:2;18:2;20:1;21:1;22:1;23:3;26:1;27:1;28:1;29:1,1
257,3,0.0,0.0,0.0,0.0,2,solved,0.5|2.0|1.5,15,2,26,12,12,0:12;12:1;13:1;14:1;15:1;16:1;17:1;18:1;19:1;20:1;21:1;22:2;24:1;25:1,1
258,3,2.1415926535897913,2.1415926535897913,0.0,0.0,5,solved,1.0|0.5|2.0,19,4,32,14,12,0:12;12:1;13:1;14:1;15:1;16:2;18:1;19:1;20:2;22:1;23:1;24:1;25:2;26:1;35:1;36:1;37:1;38:1,0
259,3,0.0,0.0,0.0,0.0,3,solved,2.0|2.0|1.0,16,3,24,9,8,0:8;8:1;9:1;10:1;11:1;12:2;14:2;16:1;17:1;18:1;19:1;20:1;21:1;22:1;23:1,1
260,3,2.7123889803846897,2.0,0.7123889803846897,0.35619449019234484,6,solved,1.5|0.5|1.0,24,4,43,20,18,0:18;17:1;299:1;300:1;301:2;302:2;311:1;312:1;313:2;314:1;333:1;334:1;335:1;336:1;337:1;338:1;339:1;340:1;341:1;342:1;343:1;344:1;345:1,0
261,3,2.712388980384695,2.712388980384695,0.0,0.0,3,solved,1.0|0.5|1.5,15,2,26,12,12,0:12;12:1;13:1;14:2;15:1;27:1;28:1;29:1;30:1;31:1;32:1;33:1;34:1;35:1,0
262,3,3.0,3.0,0.0,0.0,6,solved,1.0|2.0|1.0,20,5,34,15,12,0:12;11:1;79:1;80:2;81:1;90:1;91:2;93:2;94:1;99:1;100:2;101:1;107:1;108:1;109:1;110:1;111:1;112:1;113:1,0
263,3,3.5,3.5,0.0,0.0,4,solved,2.0|1.5|0.5,16,2,27,12,12,0:12;12:1;13:1;14:2;15:1;32:1;33:1;34:1;35:1;36:1;37:1;38:1;39:1;40:1;41:1,0
264,3,4.924777960769379,3.7876110196153103,1.137166941154069,0.3002332962030419,6,solved,2.0|1.5|1.5,23,5,33,11,8,0:8;5:1;181:2;183:1;184:1;185:2;187:1;188:1;189:1;190:1;191:2;192:1;207:2;209:1;210:1;211:1;212:1;213:1;214:1;215:1;216:1;217:1,0
265,3,3.0,0.5707963267948966,2.4292036732051034,4.255815181652326,3,solved,0.5|0.5|1.5,16,3,24,9,8,0:8;8:1;9:1;10:1;11:1;12:1;13:2;14:1;26:2;27:1;29:1;30:1;31:1;32:1;33:1,0
266,3,4.71238898038469,0.0,4.71238898038469,inf,4,solved,0.0|0.0|1.5,19,4,29,11,8,0:8;8:1;9:1;10:1;11:1;12:1;13:2;15:2;17:1;18:3;21:1;22:1;23:1;24:1;25:1;26:1;27:1;28:1,1
267,3,3.7831853071795862,1.7168146928204138,2.0663706143591725,1.2036072518487724,4,solved,1.5|2.0|0.5,23,3,35,13,12,0:12;11:1;62:1;63:1;64:1;65:1;66:1;67:1;68:1;69:2;71:1;72:1;73:1;74:2;76:1;77:1;78:1;79:1;80:1;81:1;82:1;83:1,0
268,3,0.6415926535897931,0.0,0.6415926535897931,inf,5,solved,2.0|1.0|1.5,25,1,35,11,12,0:12;11:1;60:1;61:1;62:1;63:1;64:1;65:1;66:1;67:1;68:1;69:1;70:1;71:1;72:1;73:1;74:1;75:1;76:1;77:1;78:1;79:1;80:1;81:1,1
269,3,0.0,0.0,0.0,0.0,2,solved,1.5|1.5|1.0,10,2,15,6,6,0:6;6:1;7:1;8:1;9:2;11:1;12:1;13:1;14:1,1
270,3,1.0707963267948966,1.0707963267948966,0.0,0.0,6,solved,1.5|0.5|2.0,22,4,31,10,8,0:8;8:1;9:1;10:2;11:1;36:2;38:1;39:1;40:1;41:1;42:1;43:2;45:1;46:1;47:1;48:1;49:1;50:1;51:1;52:1;53:1,0
271,3,4.0,4.0,0.0,0.0,5,solved,0.0|1.5|0.0,19,5,38,20,16,0:16;16:1;17:1;18:1;19:2;21:2;23:1;24:1;25:1;26:2;28:1;29:1;30:1;31:1;32:3;35:1;36:1;37:1,0
272,3,3.5,3.5,0.0,0.0,5,solved,1.5|1.0|1.0,18,3,26,9,8,0:8;8:1;9:2;10:1;35:1;36:1;37:1;38:1;39:1;40:1;41:1;42:2;44:1;45:1;46:1;47:1;48:1,0
273,3,2.0,2.0,0.0,0.0,3,solved,0.5|0.5|1.5,13,2,20,8,8,0:8;8:1;9:2;10:1;23:1;24:1;25:1;26:1;27:1;28:1;29:1;30:1,0
274,3,2.9999999999999982,2.0,0.9999999999999982,0.4999999999999991,6,solved,0.5|1.5|0.5,22,4,35,14,12,0:12;12:1;13:1;14:2;15:1;39:1;40:1;41:1;42:1;43:1;44:2;46:1;47:1;48:1;49:2;51:1;52:1;53:1;54:1;55:1;56:1,0
275,3,0.0,1.7763568394002505e-15,-1.7763568394002505e-15,0.0,2,solved,1.5|0.0|0.5,14,3,19,6,4,0:4;4:1;5:1;6:1;7:2;9:1;10:1;11:1;12:1;13:3;16:1;17:1;18:1,1
276,3,0.0,0.0,0.0,0.0,2,solved,0.5|1.0|0.5,12,2,15,4,4,0:4;4:1;5:1;6:1;7:1;8:1;9:2;11:1;12:1;13:1;14:1,1
277,3,3.2831853071795862,2.7123889803846897,0.5707963267948966,0.21044043864016226,5,solved,0.5|1.5|1.0,19,3,23,5,4,0:4;4:1;5:1;6:2;7:1;43:1;44:2;46:1;47:1;48:1;49:1;50:1;51:1;52:1;53:1;54:1;55:1;56:1,0
278,3,4.28318530717959,4.28318530717959,0.0,0.0,4,solved,2.0|2.0|1.5,20,4,37,18,8,0:8;8:1;9:1;10:1;11:4;15:4;18:1;40:6;46:1;47:1;48:1;49:1;50:1;51:1;52:1;53:1;54:1;55:1;56:1,0
279,3,1.7763568394002505e-15,1.7763568394002505e-15,0.0,0.0,3,solved,1.5|0.5|2.0,17,3,30,14,12,0:12;12:1;13:1;14:1;15:1;16:1;17:1;18:1;19:1;20:2;22:1;23:1;24:1;25:3;28:1;29:1,1
280,3,0.0,0.0,0.0,0.0,4,solved,0.0|1.0|0.5,22,4,32,11,8,0:8;8:1;9:1;10:1;11:1;12:1;13:1;14:1;15:2;17:2;19:1;20:3;23:1;24:1;25:1;26:1;27:1;28:1;29:1;30:1;31:1,1
281,3,1.5707963267948983,0.0,1.5707963267948983,inf,5,solved,0.5|0.5|2.0,20,2,27,8,8,0:8;5:1;111:1;112:1;113:1;114:2;115:1;122:1;123:1;124:1;125:1;126:1;127:1;128:1;129:1;130:1;131:1;132:1;133:1,1
282,3,0.0,0.0,0.0,0.0,2,solved,1.0|0.0|1.0,15,2,33,19,18,0:18;18:1;19:1;20:1;21:1;22:1;23:1;24:3;27:1;28:1;29:1;30:1;31:1;32:1,1
283,3,1.5707963267948966,1.5707963267948966,0.0,0.0,4,solved,0.5|1.5|1.5,14,3,18,5,4,0:4;4:1;5:2;7:1;8:1;9:1;10:1;11:2;13:1;14:1;15:1;16:1;17:1,0
284,3,0.0,0.0,0.0,0.0,3,solved,1.5|1.0|1.5,18,3,37,20,18,0:18;18:1;19:1;20:1;21:1;22:1;23:2;25:1;26:1;27:1;28:3;31:1;32:1;33:1;34:1;35:1;36:1,1
285,3,3.0,3.0,0.0,0.0,6,solved,1.5|0.5|0.5,22,3,30,9,8,0:8;7:1;55:2;56:1;62:1;63:1;64:2;66:1;67:1;68:1;69:1;70:1;71:1;72:1;73:1;74:1;75:1;76:1;77:1;78:1;79:1,0
286,3,6.2123889803846915,2.7123889803846915,3.5,1.2903753942782954,6,solved,1.5|1.0|1.5,24,5,34,11,8,0:8;5:1;183:1;184:1;185:1;186:2;188:1;189:2;190:2;203:1;204:2;205:1;214:1;215:1;216:1;217:1;218:1;219:1;220:1;221:1;222:1;223:1;224:1,0
287,3,1.6415926535897967,1.6415926535897967,0.0,0.0,7,solved,0.5|2.0|0.5,28,7,42,15,8,0:8;7:1;374:1;375:1;376:2;377:1;445:1;446:2;448:2;450:1;451:1;452:1;453:2;455:1;456:4;459:1;465:1;466:1;467:1;468:2;469:1;471:1;472:1;473:1;474:1;475:1;476:1,0
288,3,0.0,0.0,0.0,0.0,4,solved,1.5|1.0|2.0,23,4,44,22,18,0:18;18:1;19:1;20:1;21:1;22:1;23:1;24:1;25:3;28:2;30:1;31:1;32:1;33:3;36:1;37:1;38:1;39:1;40:1;41:1;42:1;43:1,1
289,3,0.0,0.0,0.0,0.0,2,solved,1.5|0.5|1.5,16,2,33,18,18,0:18;18:1;19:1;20:1;21:1;22:1;23:1;24:2;26:1;27:1;28:1;29:1;30:1;31:1;32:1,1
290,3,1.4292036732051034,1.4292036732051034,0.0,0.0,3,solved,1.5|2.0|0.5,18,2,35,18,18,0:18;18:1;19:1;20:1;21:1;22:2;23:1;38:1;39:1;40:1;41:1;42:1;43:1;44:1;45:1;46:1;47:1,0
291,3,0.0,0.0,0.0,0.0,3,solved,1.5|2.0|1.5,18,3,27,10,8,0:8;8:1;9:1;10:1;11:1;12:1;13:1;14:1;15:2;17:1;18:1;19:1;20:3;23:1;24:1;25:1;26:1,1
292,3,1.7876110196153103,1.7168146928204138,0.07079632679489656,0.04123702289534294,4,solved,2.0|1.5|0.5,23,2,34,12,12,0:12;10:1;74:1;75:1;76:1;77:1;78:1;79:1;80:1;81:1;82:1;83:1;84:1;85:1;86:1;87:2;89:1;90:1;91:1;92:1;93:1;94:1,0
293,3,5.716814692820414,3.287611019615312,2.4292036732051017,0.7388963167209928,6,solved,1.0|1.5|1.0,14,4,27,14,12,0:12;11:1;93:2;94:1;99:2;100:1;115:1;116:1;117:1;118:1;119:1;120:2;121:1,0
294,3,1.4292036732051034,1.4292036732051034,0.0,0.0,5,solved,0.5|1.5|1.5,21,4,36,16,12,0:12;12:1;13:1;14:1;15:1;16:4;19:2;46:1;47:1;48:1;49:1;50:1;51:2;53:1;54:1;55:1;56:1;57:1;58:1;59:1,0
295,3,0.21238898038468967,0.0,0.21238898038468967,inf,3,solved,0.0|1.5|0.0,19,2,30,12,12,0:12;11:1;50:1;51:1;52:1;53:1;54:1;55:1;56:1;57:1;58:2;60:1;61:1;62:1;63:1;64:1;65:1;66:1,1
296,3,0.9292036732051034,0.0,0.9292036732051034,inf,3,solved,0.5|1.5|1.0,19,2,30,12,12,0:12;12:1;13:1;14:1;15:1;16:1;17:1;18:1;19:1;20:1;21:2;22:1;37:1;38:1;39:1;40:1;41:1;42:1,1
297,3,0.0,0.0,0.0,0.0,4,solved,1.5|2.0|0.5,21,4,35,15,12,0:12;12:1;13:1;14:1;15:1;16:1;17:1;18:1;19:2;21:2;23:1;24:1;25:3;28:1;29:1;30:1;31:1;32:1;33:1;34:1,1
298,3,0.0,0.0,0.0,0.0,3,solved,0.5|0.5|1.5,13,3,17,5,4,0:4;4:1;5:1;6:1;7:2;9:1;10:1;11:2;13:1;14:1;15:1;16:1,1
299,3,2.7123889803846897,2.7123889803846897,0.0,0.0,4,solved,0.5|1.0|0.0,19,3,37,19,18,0:18;18:1;19:1;20:1;21:2;22:1;42:1;43:1;44:1;45:1;46:1;47:1;48:2;50:1;51:1;52:1;53:1;54:1,0
300,3,1.5707963267949,1.7763568394002505e-15,1.5707963267948983,inf,5,solved,1.0|0.0|1.0,21,4,30,10,8,0:8;7:1;102:1;103:1;104:2;105:1;140:1;141:2;143:1;144:1;145:2;147:1;148:1;149:1;150:1;151:1;152:1;153:1;154:1;155:1,1
301,3,0.0,0.0,0.0,0.0,3,solved,0.5|1.5|0.5,18,1,28,11,12,0:12;11:1;38:1;39:1;40:1;41:1;42:1;43:1;44:1;45:1;46:1;47:1;48:1;49:1;50:1;51:1;52:1,1
302,3,1.9292036732051034,0.0,1.9292036732051034,inf,4,solved,2.0|0.5|1.5,17,3,24,8,6,0:6;6:1;7:1;8:1;9:1;10:1;11:1;12:1;13:2;15:1;16:1;17:1;18:3;21:1;22:1;23:1,1
303,3,7.424777960769379,7.424777960769379,0.0,0.0,7,solved,1.0|1.0|0.5,24,6,35,12,8,0:8;8:1;9:2;10:2;68:1;84:2;86:1;87:1;88:1;89:1;90:1;91:1;92:1;93:2;95:1;96:1;97:2;99:1;100:1;101:1;102:1;103:1;104:1,0
304,3,0.0,0.0,0.0,0.0,3,solved,1.5|1.5|0.0,13,3,26,14,12,0:12;12:1;13:1;14:1;15:3;18:2;20:1;21:1;22:1;23:1;24:1;25:1,1
305,3,1.8584073464102122,1.7168146928204138,0.14159265358979845,0.08247404579068898,5,solved,0.5|1.5|0.0,24,3,36,13,12,0:12;10:1;129:1;130:1;131:1;132:1;133:1;134:2;136:1;137:1;138:1;139:1;140:1;141:1;142:1;143:2;145:1;146:1;147:1;148:1;149:1;150:1;151:1,0
306,3,0.0,0.0,0.0,0.0,1,solved,0.5|1.5|1.0,13,1,29,17,18,0:18;18:1;19:1;20:1;21:1;22:1;23:1;24:1;25:1;26:1;27:1;28:1,1
307,3,0.0,0.0,0.0,0.0,2,solved,1.0|0.5|1.5,15,2,20,6,6,0:6;6:1;7:1;8:1;9:1;10:1;11:1;12:2;14:1;15:1;16:1;17:1;18:1;19:1,1
308,3,4.570796326794898,3.5707963267948966,1.0000000000000018,0.2800495767557792,5,solved,1.0|2.0|1.0,23,2,49,27,27,0:27;25:1;124:1;125:2;127:1;128:1;129:1;130:1;131:1;132:1;133:1;134:1;135:1;136:1;137:1;138:1;139:1;140:1;141:1;142:1;143:1;144:1,0
309,3,3.7123889803846897,3.7123889803846897,0.0,0.0,3,solved,0.5|0.5|1.5,13,3,19,7,4,0:4;4:1;5:1;6:1;7:1;8:1;9:2;11:4;14:1;20:1;21:1;22:1,0
310,3,1.7123889803846897,0.0,1.7123889803846897,inf,5,solved,0.0|1.0|0.5,22,2,39,18,18,0:18;15:1;183:1;184:1;185:1;186:1;187:1;188:1;189:2;191:1;192:1;193:1;194:1;195:1;196:1;197:1;198:1;199:1;200:1;201:1;202:1,1
311,3,2.2123889803846897,2.2123889803846897,0.0,0.0,4,solved,0.5|0.0|0.5,12,4,25,14,12,0:12;12:2;14:1;15:2;17:1;18:1;19:1;20:1;21:1;22:2;23:1,0
312,3,2.0,2.0,0.0,0.0,5,solved,0.5|0.5|1.0,15,2,22,8,8,0:8;8:1;9:2;10:1;33:1;34:1;35:1;36:1;37:1;38:1;39:1;40:1;41:1;42:1,0
313,3,1.2831853071795862,1.2831853071795862,0.0,0.0,5,solved,1.5|1.0|0.0,18,5,32,15,12,0:12;12:2;13:1;32:1;33:1;34:2;36:1;37:1;38:1;39:2;40:1;42:1;43:2;45:1;46:1;47:1;48:1,0
314,3,0.783185307179588,0.783185307179588,0.0,0.0,5,solved,2.0|0.5|2.0,18,5,24,7,4,0:4;3:1;40:2;41:1;44:1;45:2;47:1;48:2;49:1;53:2;55:1;56:1;57:1;58:1;59:1;60:1;61:1,0
315,3,0.0,0.0,0.0,0.0,1,solved,0.5|0.5|0.5,8,1,12,5,6,0:6;6:1;7:1;8:1;9:1;10:1;11:1,1
316,3,2.5707963267948966,2.0,0.5707963267948966,0.2853981633974483,5,solved,0.0|1.0|2.0,16,2,23,8,8,0:8;7:1;89:1;90:2;91:1;98:1;99:1;100:1;101:1;102:1;103:1;104:1;105:1;106:1;107:1,0
317,3,10.424777960769378,4.570796326794897,5.853981633974481,1.2807356126671632,4,solved,1.0|2.0|1.5,21,4,51,31,27,0:27;24:1;158:1;159:2;160:1;167:1;168:1;169:1;170:1;171:1;172:4;175:1;181:1;182:2;184:1;185:1;186:1;187:1;188:1;189:1,0
318,3,1.8584073464102122,1.716814692820412,0.14159265358980022,0.0824740457906901,3,solved,1.5|0.5|1.0,17,1,33,17,18,0:18;17:1;43:1;44:1;45:1;46:1;47:1;48:1;49:1;50:1;51:1;52:1;53:1;54:1;55:1;56:1,0
319,3,0.0,0.0,0.0,0.0,2,solved,1.5|1.5|0.5,19,1,44,26,27,0:27;26:1;72:1;73:1;74:1;75:1;76:1;77:1;78:1;79:1;80:1;81:1;82:1;83:1;84:1;85:1;86:1;87:1,1
320,3,0.0,0.0,0.0,0.0,3,solved,1.0|1.0|1.0,15,3,33,19,18,0:18;18:1;19:1;20:2;22:1;23:1;24:1;25:1;26:1;27:1;28:2;30:1;31:1;32:1,1
321,3,0.0,0.0,0.0,0.0,1,solved,1.0|0.0|0.0,11,1,27,17,18,0:18;18:1;19:1;20:1;21:1;22:1;23:1;24:1;25:1;26:1,1
322,3,0.0,0.0,0.0,0.0,4,solved,0.5|1.0|0.5,15,3,35,21,18,0:18;18:1;19:1;20:1;21:1;22:2;24:1;25:1;26:4;30:1;31:1;32:1;33:1;34:1,1
323,3,0.0,0.0,0.0,0.0,2,solved,1.5|0.5|1.0,13,2,16,4,3,0:3;3:1;4:1;5:1;6:1;7:1;8:1;9:3;12:1;13:1;14:1;15:1,1
324,3,0.5707963267948966,0.5707963267948966,0.0,0.0,5,solved,0.0|1.5|1.0,18,2,25,8,8,0:8;8:2;9:1;29:1;30:1;31:1;32:1;33:1;34:1;35:1;36:1;37:1;38:1;39:1;40:1;41:1;42:1,0
325,3,0.0,1.7763568394002505e-15,-1.7763568394002505e-15,0.0,4,solved,2.0|0.0|1.5,22,5,38,17,12,0:12;12:1;13:1;14:1;15:2;17:1;18:1;19:2;21:3;24:1;25:1;26:3;29:1;30:1;31:1;32:1;33:1;34:1;35:1;36:1;37:1,1
326,3,1.2831853071795862,1.2831853071795862,0.0,0.0,5,solved,1.0|1.0|2.0,15,3,23,9,8,0:8;7:1;41:2;42:1;46:1;47:1;48:2;49:1;53:1;54:1;55:1;56:1;57:1;58:1,0
327,3,8.353981633974483,2.712388980384704,5.641592653589779,2.0799349556381177,6,solved,1.5|2.0|1.0,22,4,35,14,12,0:12;12:1;13:1;14:2;15:1;45:1;46:2;48:1;49:1;50:1;51:1;52:2;54:1;55:1;56:1;57:1;58:1;59:1;60:1;61:1;62:1,0
328,3,0.0,0.0,0.0,0.0,1,solved,2.0|2.0|1.5,7,1,8,2,3,0:3;3:1;4:1;5:1;6:1;7:1,1
329,3,0.0,0.0,0.0,0.0,2,solved,1.0|1.5|2.0,15,2,22,8,8,0:8;8:1;9:1;10:1;11:1;12:1;13:1;14:2;16:1;17:1;18:1;19:1;20:1;21:1,1
330,3,0.0,0.0,0.0,0.0,5,solved,0.5|1.0|1.5,27,4,40,14,12,0:12;10:1;158:1;159:1;160:1;161:1;162:2;164:2;165:1;194:1;195:1;196:1;197:1;198:1;199:2;201:1;202:1;203:1;204:1;205:1;206:1;207:1;208:1;209:1;210:1;211:1,1
331,3,0.0,0.0,0.0,0.0,1,solved,1.0|2.0|0.5,9,1,9,1,2,0:2;2:1;3:1;4:1;5:1;6:1;7:1;8:1,1
332,3,1.2831853071795862,1.2831853071795862,0.0,0.0,6,solved,1.0|1.0|0.0,23,6,38,16,12,0:12;12:2;13:1;68:2;70:1;71:1;72:2;74:2;75:1;81:1;82:2;84:1;85:1;86:1;87:1;88:1;89:1;90:1;91:1;92:1;93:1;94:1,0
333,3,0.0,0.0,0.0,0.0,4,solved,0.5|0.0|0.0,19,3,37,19,18,0:18;18:1;19:1;20:1;21:1;22:1;23:1;24:2;26:1;27:1;28:2;30:1;31:1;32:1;33:1;34:1;35:1;36:1,1
334,3,0.0,0.0,0.0,0.0,3,solved,1.0|1.5|1.5,18,4,26,9,6,0:6;6:1;7:1;8:1;9:1;10:1;11:2;13:1;14:1;15:1;16:3;19:2;21:1;22:1;23:1;24:1;25:1,1
335,3,5.929203673205103,2.783185307179588,3.1460183660255154,1.1303661160864684,6,solved,1.0|2.0|1.5,23,6,36,14,8,0:8;8:1;9:2;11:1;12:1;13:2;15:1;16:1;17:2;19:4;22:1;38:2;40:1;41:1;42:1;43:1;44:1;45:1;46:1;47:1;48:1;49:1,0
336,3,1.2831853071795862,1.2831853071795862,0.0,0.0,4,solved,1.0|2.0|0.0,19,2,28,10,8,0:8;7:1;62:1;63:1;64:1;65:1;66:1;67:4;70:1;73:1;74:1;75:1;76:1;77:1;78:1;79:1;80:1;81:1,0
337,3,0.42920367320510344,0.42920367320510344,0.0,0.0,4,solved,1.5|1.5|1.0,18,4,31,14,12,0:12;12:1;13:1;14:1;15:1;16:2;17:1;43:2;45:2;47:1;48:1;49:1;50:1;51:1;52:1;53:1;54:1,0
338,3,2.7831853071795862,2.7831853071795862,0.0,0.0,5,solved,1.0|1.5|0.0,20,5,45,26,18,0:18;18:1;19:1;20:1;21:1;22:1;23:2;25:3;28:6;34:1;35:1;36:1;37:1;38:1;39:2;40:1;46:1;47:1;48:1,0
339,3,2.7123889803846897,2.7123889803846897,0.0,0.0,3,solved,2.0|2.0|0.5,18,2,35,18,18,0:18;18:1;19:1;20:2;21:1;38:1;39:1;40:1;41:1;42:1;43:1;44:1;45:1;46:1;47:1;48:1;49:1,0
340,3,1.0707963267948983,0.0,1.0707963267948983,inf,5,solved,1.5|1.0|0.5,27,1,37,11,12,0:12;11:1;60:1;61:1;62:1;63:1;64:1;65:1;66:1;67:1;68:1;69:1;70:1;71:1;72:1;73:1;74:1;75:1;76:1;77:1;78:1;79:1;80:1;81:1;82:1;83:1,1
341,3,0.0,0.0,0.0,0.0,1,solved,1.5|1.0|1.5,9,1,16,8,9,0:9;9:1;10:1;11:1;12:1;13:1;14:1;15:1,1
342,3,0.0,0.0,0.0,0.0,2,solved,2.0|1.0|1.0,14,2,26,13,12,0:12;12:1;13:1;14:1;15:1;16:1;17:1;18:1;19:1;20:3;23:1;24:1;25:1,1
343,3,6.283185307179586,0.8539816339744846,5.429203673205102,6.357518074407811,6,solved,1.5|0.0|1.5,23,5,35,13,8,0:8;5:2;158:1;162:1;163:1;164:1;165:1;166:2;167:1;172:1;173:1;174:2;175:4;186:1;196:1;197:1;198:1;199:1;200:1;201:1;202:1;203:1,0
344,3,0.0,0.0,0.0,0.0,3,solved,2.0|0.5|1.0,19,3,31,13,12,0:12;12:1;13:1;14:1;15:1;16:1;17:1;18:1;19:2;21:2;23:1;24:1;25:1;26:1;27:1;28:1;29:1;30:1,1
345,3,0.0,0.0,0.0,0.0,2,solved,1.5|0.5|1.5,14,2,19,6,6,0:6;6:1;7:1;8:1;9:1;10:1;11:2;13:1;14:1;15:1;16:1;17:1;18:1,1
346,3,5.212388980384697,1.7168146928204138,3.495574287564283,2.036081297639462,5,solved,1.0|0.5|1.5,23,3,42,20,18,0:18;18:1;19:1;20:1;21:1;22:1;23:1;24:3;26:1;75:2;77:1;78:1;79:1;80:1;81:1;82:1;83:1;84:1;85:1;86:1;87:1;88:1,0
347,3,6.070796326794895,4.646018366025519,1.4247779607693758,0.3066664503929234,6,solved,1.0|0.5|1.5,23,4,36,14,12,0:12;12:1;13:1;14:2;15:1;100:1;101:2;102:1;154:1;155:1;156:2;157:1;163:1;164:1;165:1;166:1;167:1;168:1;169:1;170:1;171:1;172:1,0
348,3,0.07079632679489656,0.07079632679489656,0.0,0.0,4,solved,1.5|0.5|2.0,17,4,26,10,8,0:8;8:1;9:1;10:1;11:1;12:2;14:1;15:1;16:2;17:1;30:2;32:1;33:1;34:1;35:1;36:1,0
349,3,4.212388980384702,2.0707963267948966,2.1415926535898056,1.0341879719791105,6,solved,1.0|1.0|0.5,22,6,34,13,8,0:8;8:1;9:2;11:1;12:2;14:1;15:1;16:2;18:1;19:2;21:1;22:1;23:1;24:1;25:3;28:1;29:1;30:1;31:1;32:1;33:1,0
350,3,0.0,0.0,0.0,0.0,3,solved,1.0|0.0|0.5,16,3,20,5,4,0:4;4:1;5:1;6:1;7:1;8:1;9:2;11:2;13:1;14:1;15:1;16:1;17:1;18:1;19:1,1
351,3,6.141592653589793,5.71238898038469,0.42920367320510344,0.07513558244701318,5,solved,1.0|1.0|2.0,16,5,28,13,8,0:8;8:1;9:2;11:1;12:2;14:1;15:4;19:1;20:2;21:1;27:1;28:1;29:1;30:1;31:1,0
352,3,0.0,0.0,0.0,0.0,3,solved,1.5|0.5|1.0,21,3,39,19,18,0:18;18:1;19:1;20:1;21:1;22:1;23:1;24:1;25:1;26:1;27:2;29:1;30:2;32:1;33:1;34:1;35:1;36:1;37:1;38:1,1
353,3,0.0,0.0,0.0,0.0,2,solved,0.0|1.0|1.0,11,2,22,12,12,0:12;12:1;13:1;14:1;15:1;16:1;17:2;19:1;20:1;21:1,1
354,3,0.0,0.0,0.0,0.0,4,solved,0.5|2.0|0.5,20,4,40,21,18,0:18;18:1;19:1;20:1;21:1;22:2;24:1;25:1;26:1;27:2;29:1;30:3;33:1;34:1;35:1;36:1;37:1;38:1;39:1,1
355,3,3.2123889803846897,3.0707963267948966,0.14159265358979312,0.04610942521791362,5,solved,2.0|0.0|0.5,20,4,36,17,12,0:12;12:1;13:2;15:1;16:1;17:1;18:1;19:1;20:1;21:4;25:1;26:3;29:1;30:1;31:1;32:1;33:1;34:1;35:1,0
356,3,0.0,1.7763568394002505e-15,-1.7763568394002505e-15,0.0,3,solved,0.0|1.5|0.5,22,4,42,21,18,0:18;18:1;19:1;20:1;21:1;22:2;24:1;25:1;26:1;27:1;28:1;29:1;30:2;32:1;33:3;36:1;37:1;38:1;39:1;40:1;41:1,1
357,3,0.0,0.0,0.0,0.0,3,solved,0.5|0.5|1.0,18,3,37,20,18,0:18;18:1;19:1;20:1;21:2;23:1;24:3;27:1;28:1;29:1;30:1;31:1;32:1;33:1;34:1;35:1;36:1,1
358,3,2.7123889803846915,2.7123889803846932,-1.7763568394002505e-15,-6.549049020057267e-16,4,solved,0.5|0.5|1.0,15,3,29,15,12,0:12;12:1;13:1;14:1;15:2;17:1;18:4;21:1;32:1;33:1;34:1;35:1;36:1;37:1,0
359,3,4.21238898038469,2.0707963267949,2.1415926535897896,1.0341879719791012,5,solved,1.0|0.5|1.5,19,5,30,12,8,0:8;8:1;9:1;10:2;12:1;13:1;14:1;15:2;17:1;18:1;19:2;21:3;24:1;25:1;26:1;27:1;28:1;29:1,0
360,3,0.0,0.0,0.0,0.0,3,solved,1.0|0.0|0.5,16,3,35,20,18,0:18;18:1;19:1;20:1;21:2;23:1;24:1;25:3;28:1;29:1;30:1;31:1;32:1;33:1;34:1,1
361,3,8.21238898038469,4.0,4.21238898038469,1.0530972450961724,7,solved,0.5|1.0|1.0,22,2,29,8,8,0:8;8:1;9:2;10:1;47:1;48:1;49:1;50:1;51:1;52:1;53:1;54:1;55:1;56:1;57:1;58:1;59:1;60:1;61:1;62:1;63:1,0
362,3,5.21238898038469,2.7123889803846897,2.5,0.9216967101987831,5,solved,1.5|1.0|0.5,25,4,44,20,18,0:18;18:1;19:1;20:2;21:1;49:1;50:2;52:1;53:1;54:1;55:1;56:2;58:1;59:1;60:1;61:1;62:1;63:1;64:1;65:1;66:1;67:1;68:1;69:1,0
363,3,1.4292036732051034,0.0,1.4292036732051034,inf,4,solved,0.5|1.5|0.5,18,3,37,20,18,0:18;18:1;19:1;20:1;21:1;22:1;23:1;24:3;27:2;29:1;30:1;31:1;32:1;33:1;34:1;35:1;36:1,1
364,3,1.0,1.0,0.0,0.0,5,solved,2.0|1.0|0.5,20,3,40,21,18,0:18;17:1;55:1;56:1;57:1;58:1;59:1;60:4;63:1;68:1;69:2;70:1;80:1;81:1;82:1;83:1;84:1;85:1;86:1,0
365,3,0.0,0.0,0.0,0.0,1,solved,0.0|2.0|0.0,8,1,24,17,18,0:18;18:1;19:1;20:1;21:1;22:1;23:1,1
366,3,2.7123889803846897,2.0,0.7123889803846897,0.35619449019234484,6,solved,1.0|2.0|0.5,24,6,39,16,12,0:12;12:1;13:1;14:2;15:1;48:1;49:2;51:2;53:1;54:2;56:1;57:1;58:1;59:1;60:2;62:1;63:1;64:1;65:1;66:1;67:1;68:1;69:1,0
367,3,1.1415926535897931,1.1415926535897931,0.0,0.0,4,solved,1.0|0.5|0.5,20,2,37,18,18,0:18;17:1;77:1;78:1;79:1;80:2;81:1;88:1;89:1;90:1;91:1;92:1;93:1;94:1;95:1;96:1;97:1;98:1;99:1,0
368,3,0.0,0.0,0.0,0.0,2,solved,1.5|1.5|0.5,13,2,34,22,18,0:18;18:1;19:1;20:1;21:1;22:1;23:6;29:1;30:1;31:1;32:1;33:1,1
369,3,3.0,3.0,0.0,0.0,3,solved,2.0|0.0|1.0,15,3,25,11,8,0:8;8:1;9:1;10:1;11:1;12:1;13:1;14:2;16:4;19:1;26:1;27:1;28:1;29:1,0
370,3,0.07079632679489656,0.0,0.07079632679489656,inf,5,solved,0.0|2.0|0.5,19,2,26,8,8,0:8;7:1;40:1;41:1;42:1;43:1;44:1;45:1;46:1;47:1;48:1;49:1;50:2;52:1;53:1;54:1;55:1;56:1,1
371,3,0.0,0.0,0.0,0.0,4,solved,1.5|1.0|0.5,23,4,44,22,18,0:18;18:1;19:1;20:1;21:1;22:1;23:1;24:3;27:1;28:2;30:1;31:1;32:1;33:3;36:1;37:1;38:1;39:1;40:1;41:1;42:1;43:1,1
372,3,0.0,0.0,0.0,0.0,4,solved,2.0|0.5|2.0,20,4,41,22,18,0:18;18:1;19:1;20:1;21:3;24:1;25:1;26:2;28:1;29:1;30:3;33:1;34:1;35:1;36:1;37:1;38:1;39:1;40:1,1
373,3,0.0,0.0,0.0,0.0,2,solved,0.0|0.0|1.0,17,3,29,13,12,0:12;12:1;13:1;14:1;15:1;16:2;18:1;19:1;20:1;21:1;22:1;23:2;25:1;26:1;27:1;28:1,1
374,3,1.2168146928204138,0.0,1.2168146928204138,inf,5,solved,0.5|0.5|2.0,16,3,31,16,12,0:12;12:1;13:1;14:1;15:1;16:4;20:3;23:1;24:1;25:1;26:1;27:1;28:1;29:1;30:1,1
375,3,4.212388980384693,4.21238898038469,3.552713678800501e-15,8.433963946216702e-16,5,solved,1.5|2.0|1.0,20,4,33,14,12,0:12;12:1;13:1;14:2;15:1;75:1;76:2;77:2;105:1;106:1;107:1;108:1;109:1;110:1;111:1;112:1;113:1;114:1;115:1,0
376,3,9.141592653589791,6.7876110196153085,2.353981633974483,0.3468056179371186,7,solved,1.5|2.0|1.0,23,3,35,13,12,0:12;11:1;106:1;107:2;109:1;110:1;111:1;112:1;113:1;114:1;115:1;116:1;117:2;118:1;122:1;123:1;124:1;125:1;126:1;127:1;128:1;129:1,0
377,3,2.2123889803846897,0.0,2.2123889803846897,inf,5,solved,1.0|0.5|1.0,23,5,34,12,8,0:8;8:1;9:1;10:1;11:1;12:2;14:1;15:1;16:2;18:1;19:1;20:2;22:1;23:3;26:1;27:1;28:1;29:1;30:1;31:1;32:1;33:1,1
378,3,4.070796326794897,1.641592653589795,2.4292036732051017,1.4797846882982681,6,solved,1.5|0.5|1.0,25,4,36,12,8,0:8;5:1;125:1;126:1;127:1;128:1;129:1;130:1;131:1;132:2;133:1;144:1;145:2;146:4;162:1;173:1;174:1;175:1;176:1;177:1;178:1;179:1;180:1;181:1,0
379,3,6.429203673205102,6.429203673205102,0.0,0.0,6,solved,0.5|0.0|1.5,18,4,31,14,12,0:12;12:1;13:2;14:1;44:1;45:1;46:2;48:1;49:1;50:1;51:2;52:1;58:1;59:1;60:1;61:1;62:1,0
380,3,1.5707963267948983,0.0,1.5707963267948983,inf,5,solved,1.5|1.5|1.5,18,3,30,13,12,0:12;11:1;104:1;105:2;106:1;119:1;120:1;121:1;122:1;123:2;124:1;129:1;130:1;131:1;132:1;133:1;134:1,1
381,3,4.21238898038469,4.21238898038469,0.0,0.0,6,solved,1.0|1.5|1.5,20,3,24,5,4,0:4;4:1;5:2;6:1;31:1;32:2;34:1;35:1;36:1;37:1;38:1;39:1;40:1;41:1;42:1;43:1;44:1;45:1;46:1,0
382,3,0.0,0.0,0.0,0.0,2,solved,0.5|1.5|2.0,15,2,32,18,18,0:18;18:1;19:1;20:1;21:1;22:1;23:1;24:1;25:1;26:2;28:1;29:1;30:1;31:1,1
383,3,5.070796326794902,5.070796326794902,0.0,0.0,7,solved,1.5|0.0|1.5,20,5,30,11,8,0:8;8:1;9:2;10:1;38:2;40:1;41:1;42:1;43:2;45:1;46:1;47:1;48:1;49:1;50:1;51:1;52:1;53:2;54:1,0
384,3,0.0,0.0,0.0,0.0,2,solved,1.0|1.0|0.5,9,2,14,6,6,0:6;6:1;7:1;8:1;9:1;10:2;12:1;13:1,1
385,3,7.141592653589797,2.2831853071795862,4.85840734641021,2.127907590826165,6,solved,1.5|0.5|1.5,17,5,31,15,12,0:12;11:1;119:2;120:1;128:1;129:2;131:2;132:1;137:1;138:2;140:1;141:1;142:1;143:1;144:1;145:1,0
386,3,0.0,0.0,0.0,0.0,2,solved,0.5|0.5|0.5,15,2,32,18,18,0:18;18:1;19:1;20:1;21:1;22:1;23:2;25:1;26:1;27:1;28:1;29:1;30:1;31:1,1
387,3,0.0,0.0,0.0,0.0,4,solved,1.5|2.0|0.5,19,4,33,15,12,0:12;12:1;13:1;14:1;15:1;16:1;17:2;19:1;20:3;23:2;25:1;26:1;27:1;28:1;29:1;30:1;31:1;32:1,1
388,3,2.0,2.0,0.0,0.0,3,solved,1.0|2.0|1.5,17,3,44,28,27,0:27;26:1;60:1;61:2;62:1;68:1;69:2;71:1;72:1;73:1;74:1;75:1;76:1;77:1;78:1;79:1,0
389,3,0.0,0.0,0.0,0.0,4,solved,0.5|1.5|0.5,19,4,29,11,8,0:8;8:1;9:1;10:1;11:1;12:1;13:1;14:2;16:2;18:1;19:3;22:1;23:1;24:1;25:1;26:1;27:1;28:1,1
390,3,0.9292036732051034,0.9292036732051034,0.0,0.0,3,solved,0.5|1.5|1.0,16,2,29,14,12,0:12;12:1;13:1;14:1;15:1;16:4;19:1;33:1;34:1;35:1;36:1;37:1;38:1;39:1;40:1,0
391,3,0.0,0.0,0.0,0.0,1,solved,0.0|0.5|1.5,14,1,30,17,18,0:18;18:1;19:1;20:1;21:1;22:1;23:1;24:1;25:1;26:1;27:1;28:1;29:1,1
392,3,1.9292036732051052,1.9292036732051052,0.0,0.0,3,solved,1.5|1.0|1.5,13,2,18,6,6,0:6;6:1;7:1;8:1;9:1;10:1;11:2;12:1;20:1;21:1;22:1;23:1,0
393,3,2.0,2.0,0.0,0.0,4,solved,1.5|2.0|1.5,18,3,26,9,8,0:8;8:1;9:1;10:2;11:1;30:1;31:1;32:1;33:1;34:1;35:2;37:1;38:1;39:1;40:1;41:1;42:1,0
394,3,2.7123889803846897,2.7123889803846897,0.0,0.0,5,solved,0.5|1.0|1.0,21,4,30,10,8,0:8;8:1;9:1;10:2;11:1;33:1;34:2;36:1;37:1;38:1;39:2;41:1;42:1;43:1;44:1;45:1;46:1;47:1;48:1;49:1,0
395,3,2.5,2.0,0.5,0.25,5,solved,0.0|2.0|1.5,18,2,29,12,12,0:12;12:1;13:2;14:1;33:1;34:1;35:1;36:1;37:1;38:1;39:1;40:1;41:1;42:1;43:1;44:1;45:1,0
396,3,4.0,4.0,0.0,0.0,4,solved,1.0|0.5|1.0,15,4,28,14,12,0:12;12:1;13:2;15:1;16:1;17:1;18:1;19:2;21:1;22:2;24:1;25:1;26:1;27:1,0
397,3,0.0,0.0,0.0,0.0,4,solved,0.5|2.0|0.5,15,3,27,13,12,0:12;12:1;13:1;14:1;15:1;16:2;18:2;20:1;21:1;22:1;23:1;24:1;25:1;26:1,1
398,3,0.0,0.0,0.0,0.0,2,solved,1.5|1.0|0.5,15,2,26,12,12,0:12;12:1;13:1;14:1;15:1;16:1;17:1;18:2;20:1;21:1;22:1;23:1;24:1;25:1,1
399,3,0.6415926535897931,0.6415926535897931,0.0,0.0,2,solved,1.5|2.0|0.0,14,2,25,12,12,0:12;12:1;13:1;14:1;15:1;16:2;17:1;26:1;27:1;28:1;29:1;30:1;31:1,0
400,3,0.0,0.0,0.0,0.0,2,solved,1.5|0.5|0.5,14,2,25,12,12,0:12;12:1;13:1;14:1;15:1;16:1;17:1;18:1;19:2;21:1;22:1;23:1;24:1,1
401,3,2.7123889803846897,2.7123889803846897,0.0,0.0,4,solved,1.0|2.0|1.0,17,4,24,8,6,0:6;6:1;7:1;8:2;9:1;26:1;27:1;28:1;29:2;31:1;32:1;33:2;35:1;36:1;37:1;38:1,0
402,3,2.7123889803846897,2.7123889803846897,0.0,0.0,5,solved,1.5|0.0|1.5,17,4,22,6,4,0:4;4:1;5:2;6:1;26:2;28:1;29:1;30:2;32:1;33:1;34:1;35:1;36:1;37:1;38:1;39:1,0
403,3,0.0,0.0,0.0,0.0,2,solved,1.5|1.0|1.5,14,2,31,18,18,0:18;18:1;19:1;20:1;21:1;22:1;23:1;24:1;25:1;26:1;27:2;29:1;30:1,1
404,3,6.141592653589793,2.5707963267948983,3.570796326794895,1.388984529648341,6,solved,1.5|0.5|0.5,22,7,36,15,8,0:8;8:1;9:2;11:1;12:1;13:2;15:2;17:1;18:2;20:1;21:1;22:3;25:1;26:3;29:1;30:1;31:1;32:1;33:1;34:1;35:1,0
405,3,0.35840734641020866,0.35840734641020866,0.0,0.0,5,solved,1.5|1.0|0.5,23,3,31,9,8,0:8;8:1;9:1;10:1;11:1;12:2;13:1;54:1;55:2;56:1;62:1;63:1;64:1;65:1;66:1;67:1;68:1;69:1;70:1;71:1;72:1;73:1,0
406,3,5.212388980384688,3.5707963267949,1.6415926535897878,0.45972732784321524,5,solved,1.0|0.5|1.0,22,4,35,14,12,0:12;12:1;13:1;14:2;16:1;17:1;18:2;19:1;59:1;60:1;61:2;63:1;64:1;65:1;66:1;67:1;68:1;69:1;70:1;71:1;72:1,0
407,3,0.5707963267948983,0.5707963267948983,0.0,0.0,5,solved,1.0|0.5|2.0,20,4,33,14,12,0:12;12:1;13:1;14:2;15:1;39:1;40:2;42:2;44:1;45:1;46:1;47:1;48:1;49:1;50:1;51:1;52:1;53:1;54:1,0
408,3,1.3628330588459292,0.9292036732051034,0.43362938564082576,0.46666774803537675,6,solved,0.5|1.0|1.5,25,3,37,13,12,0:12;10:1;138:1;139:1;140:1;141:1;142:1;143:1;144:1;145:2;147:1;148:2;149:1;155:1;156:1;157:1;158:1;159:1;160:1;161:1;162:1;163:1;164:1;165:1,0
409,3,3.5707963267948983,0.0,3.5707963267948983,inf,6,solved,0.5|0.0|0.5,18,1,24,7,8,0:8;7:1;88:1;89:1;90:1;91:1;92:1;93:1;94:1;95:1;96:1;97:1;98:1;99:1;100:1;101:1;102:1,1
410,3,0.9292036732051034,0.9292036732051034,0.0,0.0,3,solved,1.0|0.5|1.5,13,2,18,6,6,0:6;6:1;7:1;8:1;9:1;10:2;11:1;20:1;21:1;22:1;23:1;24:1,0
411,3,0.0,0.0,0.0,0.0,3,solved,0.5|1.0|0.5,16,3,28,13,12,0:12;12:1;13:1;14:1;15:2;17:1;18:1;19:2;21:1;22:1;23:1;24:1;25:1;26:1;27:1,1
412,3,4.212388980384688,2.0707963267948966,2.1415926535897913,1.0341879719791036,4,solved,1.0|0.5|0.0,18,4,31,14,12,0:12;12:1;13:1;14:1;15:1;16:1;17:1;18:2;20:2;22:1;23:1;24:1;25:1;26:1;27:1;28:2;30:1,0
413,3,0.0,0.0,0.0,0.0,4,solved,1.5|0.5|0.0,20,4,33,14,12,0:12;12:1;13:1;14:1;15:1;16:2;18:1;19:2;21:1;22:1;23:1;24:1;25:2;27:1;28:1;29:1;30:1;31:1;32:1,1
414,3,2.0000000000000018,1.7763568394002505e-15,2.0,inf,5,solved,0.5|1.5|1.5,21,3,39,19,18,0:18;18:1;19:1;20:1;21:1;22:1;23:2;24:1;60:1;61:1;62:1;63:2;65:1;66:1;67:1;68:1;69:1;70:1;71:1;72:1,1
415,3,3.4999999999999982,3.4999999999999982,0.0,0.0,5,solved,0.5|0.0|0.5,19,5,33,15,12,0:12;12:1;13:1;14:1;15:1;16:2;18:2;20:1;21:1;22:1;23:1;24:2;26:1;27:2;28:1;34:1;35:1;36:1,0
416,3,0.0,0.0,0.0,0.0,3,solved,1.5|1.5|1.5,14,3,20,7,6,0:6;6:1;7:1;8:1;9:2;11:1;12:1;13:1;14:2;16:1;17:1;18:1;19:1,1
417,3,1.5707963267948966,1.5707963267948966,0.0,0.0,6,solved,2.0|0.5|0.5,22,5,36,15,12,0:12;11:2;47:1;48:1;49:2;51:1;52:1;53:2;55:1;56:1;57:2;59:1;60:1;61:1;62:1;63:1;64:1;65:1;66:1;67:1;68:1,0
418,3,2.0,2.0,0.0,0.0,5,solved,0.5|2.0|1.0,18,3,26,9,8,0:8;7:1;45:1;46:2;47:1;52:1;53:2;55:1;56:1;57:1;58:1;59:1;60:1;61:1;62:1;63:1;64:1,0
419,3,3.146018366025517,0.7168146928204138,2.4292036732051034,3.3888865525998653,5,solved,1.0|1.0|2.0,19,2,32,14,12,0:12;11:1;43:1;44:1;45:1;46:1;47:1;48:1;49:1;50:1;51:1;52:4;55:1;59:1;60:1;61:1;62:1;63:1,0
420,3,2.7123889803846897,2.7123889803846897,0.0,0.0,4,solved,1.0|0.5|1.0,19,3,31,13,12,0:12;12:1;13:1;14:2;15:1;34:1;35:1;36:2;38:1;39:1;40:1;41:1;42:1;43:1;44:1;45:1;46:1;47:1,0
421,3,0.5707963267949001,0.5707963267949001,0.0,0.0,3,solved,1.5|2.0|1.0,19,3,29,11,8,0:8;8:1;9:1;10:1;11:1;12:2;14:1;15:1;16:4;19:1;30:1;31:1;32:1;33:1;34:1;35:1;36:1;37:1,0
422,3,4.21238898038469,2.0707963267948966,2.141592653589793,1.0341879719791045,4,solved,1.0|0.5|1.5,17,4,26,10,8,0:8;8:1;9:2;11:1;12:1;13:1;14:1;15:1;16:1;17:2;19:2;21:1;22:1;23:1;24:1;25:1,0
423,3,2.7123889803846897,2.7123889803846897,0.0,0.0,6,solved,0.0|1.0|1.5,22,4,31,10,8,0:8;8:1;9:2;10:1;83:1;84:2;86:2;88:1;89:1;90:1;91:1;92:1;93:1;94:1;95:1;96:1;97:1;98:1;99:1;100:1;101:1,0
424,3,0.0,0.0,0.0,0.0,4,solved,0.5|1.5|0.5,19,4,40,22,18,0:18;18:1;19:1;20:1;21:1;22:1;23:3;26:2;28:1;29:1;30:1;31:3;34:1;35:1;36:1;37:1;38:1;39:1,1
425,3,0.0,0.0,0.0,0.0,5,solved,1.0|1.0|1.5,25,2,42,18,18,0:18;16:1;314:1;315:1;316:1;317:1;318:1;319:2;321:1;322:1;323:1;324:1;325:1;326:1;327:1;328:1;329:1;330:1;331:1;332:1;333:1;334:1;335:1;336:1,1
426,3,6.712388980384693,6.712388980384693,0.0,0.0,7,solved,2.0|0.0|0.5,21,6,32,12,8,0:8;8:2;9:2;79:2;81:1;82:1;83:2;85:1;86:1;87:1;88:2;90:1;91:1;92:1;93:1;94:1;95:1;96:1;97:1;98:1,0
427,3,2.7123889803846915,2.7123889803846915,0.0,0.0,3,solved,1.0|1.0|1.5,12,2,15,4,4,0:4;4:1;5:2;6:1;17:1;18:1;19:1;20:1;21:1;22:1;23:1,0
428,3,4.641592653589791,2.858407346410207,1.7831853071795845,0.6238387644150987,6,solved,0.5|1.0|0.5,26,5,40,15,12,0:12;12:1;13:1;14:1;15:2;16:1;48:1;49:2;51:2;52:1;114:1;115:2;117:1;118:1;119:1;120:1;121:1;122:1;123:1;124:1;125:1;126:1;127:1;128:1;129:1,0
429,3,0.0,0.0,0.0,0.0,4,solved,2.0|1.5|1.0,21,3,33,13,12,0:12;12:1;13:1;14:1;15:1;16:1;17:1;18:1;19:2;21:2;23:1;24:1;25:1;26:1;27:1;28:1;29:1;30:1;31:1;32:1,1
430,3,3.9247779607693793,3.9247779607693793,0.0,0.0,3,solved,0.5|1.5|0.0,17,3,33,17,12,0:12;12:1;13:1;14:1;15:1;16:4;19:1;52:4;55:1;66:1;67:1;68:1;69:1;70:1;71:1;72:1,0
431,3,2.0,2.0,0.0,0.0,5,solved,0.5|1.5|0.5,18,2,21,4,4,0:4;3:1;42:1;43:1;44:2;45:1;48:1;49:1;50:1;51:1;52:1;53:1;54:1;55:1;56:1;57:1;58:1,0
432,3,3.0,0.5707963267948966,2.4292036732051034,4.255815181652326,5,solved,1.0|2.0|1.0,16,4,21,6,4,0:4;3:1;28:2;29:1;33:1;34:2;36:1;37:1;38:1;39:2;41:1;42:1;43:1;44:1;45:1,0
433,3,2.5707963267948966,0.0,2.5707963267948966,inf,4,solved,1.5|1.5|0.5,22,4,43,22,18,0:18;18:1;19:1;20:1;21:1;22:1;23:1;24:3;27:2;29:1;30:1;31:1;32:3;35:1;36:1;37:1;38:1;39:1;40:1;41:1;42:1,1
434,3,0.5707963267948966,0.5707963267948966,0.0,0.0,5,solved,1.0|1.0|0.0,19,4,26,8,6,0:6;6:2;7:1;29:1;30:2;32:1;33:1;34:1;35:1;36:2;38:1;39:1;40:1;41:1;42:1;43:1;44:1;45:1,0
435,3,0.0,0.0,0.0,0.0,3,solved,0.5|2.0|0.0,18,3,31,14,12,0:12;12:1;13:1;14:1;15:1;16:1;17:1;18:1;19:1;20:2;22:1;23:3;26:1;27:1;28:1;29:1;30:1,1
436,3,1.5707963267948983,0.0,1.5707963267948983,inf,5,solved,0.0|0.5|0.5,19,4,39,21,18,0:18;18:1;19:1;20:1;21:1;22:3;25:2;27:1;28:1;29:1;30:1;31:1;32:2;34:1;35:1;36:1;37:1;38:1,1
437,3,0.0,0.0,0.0,0.0,4,solved,1.0|0.5|1.5,23,4,44,22,18,0:18;18:1;19:1;20:1;21:1;22:1;23:1;24:1;25:1;26:2;28:3;31:1;32:1;33:3;36:1;37:1;38:1;39:1;40:1;41:1;42:1;43:1,1
438,3,3.5707963267948983,0.0,3.5707963267948983,inf,5,solved,1.5|1.5|0.5,14,1,16,3,4,0:4;3:1;51:1;52:1;53:1;54:1;55:1;56:1;57:1;58:1;59:1;60:1;61:1,1
439,3,0.0,0.0,0.0,0.0,4,solved,0.5|0.0|0.0,21,5,37,17,12,0:12;12:1;13:1;14:1;15:1;16:3;19:2;21:2;23:1;24:1;25:3;28:1;29:1;30:1;31:1;32:1;33:1;34:1;35:1;36:1,1
440,3,0.0,1.7763568394002505e-15,-1.7763568394002505e-15,0.0,3,solved,0.5|0.5|0.5,15,4,30,16,12,0:12;12:1;13:1;14:2;16:1;17:3;20:1;21:1;22:1;23:3;26:1;27:1;28:1;29:1,1
441,3,0.0,0.0,0.0,0.0,4,solved,1.0|0.0|1.5,22,4,41,20,18,0:18;18:1;19:1;20:1;21:1;22:2;24:1;25:1;26:1;27:1;28:1;29:1;30:2;32:2;34:1;35:1;36:1;37:1;38:1;39:1;40:1,1
442,3,0.4247779607693811,0.4247779607693811,0.0,0.0,5,solved,0.5|0.0|1.0,20,5,35,16,12,0:12;12:1;13:1;14:1;15:1;16:1;17:2;19:2;21:1;22:1;23:1;24:3;27:2;28:1;36:1;37:1;38:1;39:1;40:1,0
443,3,0.0,0.0,0.0,0.0,4,solved,1.5|1.5|0.5,19,4,39,21,18,0:18;18:1;19:1;20:1;21:1;22:1;23:2;25:1;26:1;27:2;29:3;32:1;33:1;34:1;35:1;36:1;37:1;38:1,1
444,3,3.2123889803846897,2.6460183660255154,0.5663706143591742,0.2140463655246272,3,solved,1.5|1.0|1.5,18,2,35,18,18,0:18;17:1;63:1;64:1;65:1;66:2;67:1;75:1;76:1;77:1;78:1;79:1;80:1;81:1;82:1;83:1;84:1,0
445,3,3.5,3.5,0.0,0.0,6,solved,0.5|1.0|2.0,23,3,31,9,8,0:8;8:1;9:2;10:1;36:1;37:1;38:1;39:1;40:1;41:1;42:1;43:1;44:1;45:1;46:1;47:2;49:1;50:1;51:1;52:1;53:1;54:1,0
446,3,0.7168146928204138,0.7168146928204138,0.0,0.0,4,solved,2.0|0.0|1.0,19,4,41,23,18,0:18;18:1;19:1;20:1;21:1;22:1;23:1;24:2;26:3;29:1;30:4;33:1;45:1;46:1;47:1;48:1;49:1;50:1,0
447,3,0.0,0.0,0.0,0.0,3,solved,1.0|0.5|0.0,14,3,18,5,4,0:4;4:1;5:1;6:1;7:1;8:1;9:2;11:2;13:1;14:1;15:1;16:1;17:1,1
448,3,4.995574287564276,4.995574287564276,0.0,0.0,6,solved,2.0|0.0|1.0,14,3,18,5,4,0:4;4:2;5:2;38:1;40:1;41:1;42:1;43:1;44:1;45:1;46:1;47:1;48:1,0
449,3,4.0,4.0,0.0,0.0,4,solved,0.5|1.5|0.5,13,4,18,6,4,0:4;4:2;6:1;7:1;8:1;9:2;11:1;12:2;14:1;15:1;16:1;17:1,0
450,3,0.0,1.7763568394002505e-15,-1.7763568394002505e-15,0.0,2,solved,1.0|0.0|1.5,18,3,37,20,18,0:18;18:1;19:1;20:1;21:1;22:2;24:1;25:1;26:1;27:1;28:1;29:1;30:1;31:3;34:1;35:1;36:1,1
451,3,0.7168146928204138,0.0,0.7168146928204138,inf,5,solved,1.0|1.5|0.0,22,3,34,13,12,0:12;11:1;64:1;65:1;66:1;67:2;69:1;70:1;71:2;73:1;74:1;75:1;76:1;77:1;78:1;79:1;80:1;81:1;82:1;83:1;84:1,1
452,3,3.0707963267948966,3.0707963267948966,0.0,0.0,4,solved,2.0|0.5|0.5,20,3,34,15,12,0:12;12:1;13:1;14:1;15:1;16:1;17:2;19:4;22:1;36:1;37:1;38:1;39:1;40:1;41:1;42:1;43:1;44:1;45:1,0
453,3,0.07079632679489656,0.07079632679489656,0.0,0.0,5,solved,0.0|0.0|1.5,25,6,46,22,12,0:12;12:1;13:1;14:2;16:1;17:3;20:1;21:1;22:2;24:1;25:1;26:1;27:3;30:6;35:1;47:1;48:1;49:1;50:1;51:1;52:1;53:1;54:1;55:1,0
454,3,0.21681469282041377,0.21681469282041377,0.0,0.0,4,solved,0.5|1.0|1.0,21,4,39,19,12,0:12;12:1;13:1;14:1;15:1;16:2;18:1;19:1;20:3;23:1;24:1;25:6;30:1;40:1;41:1;42:1;43:1;44:1;45:1;46:1,0
455,3,6.853981633974479,3.2123889803846897,3.6415926535897896,1.1336088735909255,6,solved,1.5|1.5|0.0,22,3,34,13,12,0:12;11:2;244:1;277:1;278:1;279:2;281:1;282:1;283:1;284:1;285:1;286:1;287:1;288:1;289:1;290:1;291:1;292:1;293:1;294:1;295:1,0
456,3,2.7123889803846915,2.0,0.7123889803846915,0.3561944901923457,4,solved,1.0|1.0|2.0,19,3,46,28,27,0:27;24:1;296:1;297:2;298:1;301:1;302:1;303:2;304:1;316:1;317:1;318:1;319:1;320:1;321:1;322:1;323:1;324:1,0
457,3,0.0,0.0,0.0,0.0,3,solved,1.0|2.0|0.0,20,3,33,14,12,0:12;12:1;13:1;14:1;15:1;16:1;17:2;19:1;20:1;21:1;22:1;23:1;24:3;27:1;28:1;29:1;30:1;31:1;32:1,1
458,3,0.0,0.0,0.0,0.0,3,solved,0.5|1.5|0.5,13,3,25,13,12,0:12;12:1;13:1;14:1;15:2;17:1;18:2;20:1;21:1;22:1;23:1;24:1,1
459,3,5.566370614359174,5.566370614359174,0.0,0.0,7,solved,2.0|1.5|2.0,20,7,32,13,8,0:8;7:1;79:2;80:1;107:2;108:2;132:1;133:2;135:1;136:1;137:2;139:2;140:1;147:1;148:1;149:1;150:1;151:1;152:1,0
460,3,0.0,0.0,0.0,0.0,6,solved,0.5|0.0|1.5,26,5,36,11,8,0:8;7:1;91:1;92:1;93:1;94:2;96:1;97:1;98:2;100:1;101:1;102:2;104:1;105:1;106:1;107:2;109:1;110:1;111:1;112:1;113:1;114:1;115:1;116:1;117:1,1
461,3,2.712388980384688,2.712388980384688,0.0,0.0,5,solved,2.0|1.0|1.0,16,3,28,13,12,0:12;12:1;13:1;14:1;15:2;16:1;29:1;30:1;31:1;32:1;33:1;34:1;35:1;36:2;37:1,0
462,3,1.7763568394002505e-15,1.7763568394002505e-15,0.0,0.0,3,solved,0.5|1.5|1.5,16,3,31,16,12,0:12;12:1;13:1;14:1;15:1;16:1;17:4;21:1;22:1;23:1;24:1;25:3;28:1;29:1;30:1,1
463,3,4.5,0.0,4.5,inf,4,solved,1.0|0.5|1.5,21,4,31,11,8,0:8;8:1;9:1;10:1;11:1;12:1;13:1;14:2;16:1;17:2;19:1;20:1;21:3;24:1;25:1;26:1;27:1;28:1;29:1;30:1,1
464,3,0.8584073464102069,0.8584073464102069,0.0,0.0,4,solved,1.5|1.5|1.0,18,4,37,20,18,0:18;18:1;19:1;20:1;21:1;22:1;23:1;24:2;26:2;27:1;40:1;41:2;43:1;44:1;45:1;46:1;47:1,0
465,3,0.0,0.0,0.0,0.0,3,solved,1.0|1.5|1.5,18,3,37,20,18,0:18;18:1;19:1;20:1;21:2;23:1;24:1;25:1;26:1;27:1;28:3;31:1;32:1;33:1;34:1;35:1;36:1,1
466,3,0.0,0.0,0.0,0.0,3,solved,1.0|1.0|0.5,14,3,21,8,6,0:6;6:1;7:1;8:1;9:1;10:1;11:2;13:3;16:1;17:1;18:1;19:1;20:1,1
467,3,2.7123889803846897,2.0,0.7123889803846897,0.35619449019234484,5,solved,0.5|2.0|1.0,21,4,40,20,18,0:18;16:1;74:1;75:1;76:2;77:1;87:1;88:2;89:1;104:1;105:1;106:1;107:2;108:1;115:1;116:1;117:1;118:1;119:1;120:1,0
468,3,3.0,3.0,0.0,0.0,3,solved,1.5|0.5|1.0,16,3,28,13,12,0:12;12:1;13:1;14:2;15:1;30:1;31:1;32:1;33:1;34:1;35:2;37:1;38:1;39:1;40:1,0
469,3,1.7876110196153103,1.7876110196153103,0.0,0.0,4,solved,2.0|1.5|0.0,18,4,29,12,8,0:8;8:1;9:1;10:1;11:1;12:2;14:2;16:1;17:4;20:1;33:1;34:1;35:1;36:1;37:1;38:1;39:1,0
470,3,1.1415926535897931,1.1415926535897931,0.0,0.0,3,solved,0.5|0.5|0.5,14,3,20,7,6,0:6;6:1;7:1;8:2;9:1;37:2;39:1;40:1;41:1;42:1;43:1;44:1;45:1,0
471,3,2.0,2.0,0.0,0.0,4,solved,2.0|0.0|1.5,14,3,18,5,4,0:4;3:1;29:1;30:1;31:2;32:1;35:1;36:1;37:2;39:1;40:1;41:1;42:1,0
472,3,2.7123889803846897,2.7123889803846897,0.0,0.0,5,solved,1.0|1.5|1.0,19,2,24,6,6,0:6;5:1;85:1;86:2;87:1;97:1;98:1;99:1;100:1;101:1;102:1;103:1;104:1;105:1;106:1;107:1;108:1;109:1,0
473,3,11.137166941154069,10.42477796076938,0.7123889803846897,0.06833612985001297,7,solved,1.5|0.5|0.5,19,5,25,7,4,0:4;2:1;110:2;111:2;130:1;139:1;140:2;142:1;143:2;145:1;146:1;147:1;148:1;149:1;150:1;151:1;152:1;153:1,0
474,3,0.0,0.0,0.0,0.0,2,solved,2.0|1.0|1.0,12,2,21,10,9,0:9;9:1;10:1;11:1;12:1;13:1;14:3;17:1;18:1;19:1;20:1,1
475,3,3.8539816339744846,1.7763568394002505e-15,3.853981633974483,inf,4,solved,1.0|0.0|2.0,18,4,32,15,12,0:12;12:1;13:1;14:1;15:1;16:2;18:2;20:1;21:1;22:1;23:1;24:3;27:1;28:1;29:1;30:1;31:1,1
476,3,8.999999999999998,3.0,5.999999999999998,1.9999999999999993,5,solved,2.0|1.0|0.0,17,2,24,8,8,0:8;8:1;9:2;10:1;28:1;29:1;30:1;31:1;32:1;33:1;34:1;35:1;36:1;37:1;38:1;39:1,0
477,3,0.3539816339744828,0.3539816339744828,0.0,0.0,3,solved,1.0|1.5|0.0,12,3,18,7,6,0:6;6:1;7:1;8:1;9:1;10:1;11:2;13:1;14:1;15:2;16:1,0
478,3,2.641592653589793,2.641592653589793,0.0,0.0,2,solved,2.0|0.5|0.0,12,2,23,12,12,0:12;12:1;13:1;14:1;15:1;16:1;17:2;18:1;24:1;25:1;26:1,0
479,3,2.0000000000000053,2.0000000000000053,0.0,0.0,6,solved,1.0|1.5|2.0,23,4,36,14,12,0:12;12:1;13:1;14:2;15:1;46:1;47:1;48:1;49:1;50:2;52:1;53:1;54:1;55:1;56:1;57:2;59:1;60:1;61:1;62:1;63:1;64:1,0
480,3,0.0,0.0,0.0,0.0,1,solved,0.5|1.0|1.0,8,1,8,1,2,0:2;2:1;3:1;4:1;5:1;6:1;7:1,1
481,3,5.424777960769381,4.0,1.4247779607693811,0.3561944901923453,4,solved,0.5|0.5|1.0,13,3,21,9,8,0:8;8:2;10:1;11:1;12:1;13:1;14:2;16:1;17:1;18:1;19:1;20:1,0
482,3,3.7123889803846897,3.7123889803846897,0.0,0.0,4,solved,1.0|1.0|0.0,15,2,20,6,6,0:6;6:2;7:1;21:1;22:1;23:1;24:1;25:1;26:1;27:1;28:1;29:1;30:1;31:1,0
483,3,0.0,0.0,0.0,0.0,2,solved,0.5|1.0|0.5,14,2,31,18,18,0:18;18:1;19:1;20:1;21:1;22:1;23:1;24:1;25:1;26:1;27:2;29:1;30:1,1
484,3,2.7123889803846897,2.7123889803846897,0.0,0.0,3,solved,1.0|1.0|1.0,12,3,20,9,8,0:8;8:1;9:2;10:1;21:1;22:1;23:1;24:2;25:1;28:1;29:1,0
485,3,12.137166941154073,10.71238898038469,1.424777960769383,0.1330028216281424,7,solved,0.5|0.5|0.0,20,4,25,6,4,0:4;3:2;70:2;96:1;108:2;110:1;111:1;112:1;113:1;114:1;115:1;116:1;117:1;118:1;119:1;120:1;121:1;122:1;123:1,0
486,3,0.0,0.0,0.0,0.0,4,solved,0.5|0.0|0.0,17,3,29,13,12,0:12;12:1;13:1;14:1;15:1;16:2;18:2;20:1;21:1;22:1;23:1;24:1;25:1;26:1;27:1;28:1,1
487,3,0.0,0.0,0.0,0.0,4,solved,0.0|1.5|0.5,22,4,42,21,18,0:18;18:1;19:1;20:1;21:1;22:2;24:1;25:1;26:1;27:1;28:3;31:1;32:1;33:2;35:1;36:1;37:1;38:1;39:1;40:1;41:1,1
488,3,2.7123889803846897,2.7123889803846897,0.0,0.0,5,solved,1.0|0.0|2.0,21,3,33,13,12,0:12;12:1;13:1;14:2;15:1;38:1;39:2;41:1;42:1;43:1;44:1;45:1;46:1;47:1;48:1;49:1;50:1;51:1;52:1;53:1,0
489,3,3.6415926535897913,2.9292036732051034,0.7123889803846879,0.24320226923831467,5,solved,1.5|1.0|1.0,19,4,38,20,18,0:18;18:1;19:1;20:2;21:1;42:1;43:1;44:2;45:1;60:1;61:1;62:1;63:1;64:1;65:1;66:1;67:2;68:1,0
490,3,2.641592653589793,2.0752220392306207,0.5663706143591725,0.27292048930299134,4,solved,1.0|0.5|0.5,24,3,34,11,8,0:8;8:1;9:1;10:1;11:4;13:1;97:2;98:1;109:1;110:1;111:1;112:1;113:1;114:1;115:1;116:1;117:1;118:1;119:1;120:1;121:1;122:1;123:1,0
491,3,2.0,2.0,0.0,0.0,4,solved,0.5|1.5|1.5,19,2,36,18,18,0:18;18:1;19:1;20:2;21:1;40:1;41:1;42:1;43:1;44:1;45:1;46:1;47:1;48:1;49:1;50:1;51:1;52:1,0
492,3,0.5707963267948966,0.0,0.5707963267948966,inf,3,solved,0.5|0.0|1.5,16,2,34,19,18,0:18;18:1;19:1;20:1;21:1;22:1;23:1;24:1;25:3;28:1;29:1;30:1;31:1;32:1;33:1,1
493,3,0.0,0.0,0.0,0.0,5,solved,1.0|1.5|0.0,24,5,39,16,12,0:12;12:1;13:1;14:1;15:1;16:1;17:1;18:2;20:2;22:1;23:1;24:2;26:1;27:3;30:1;31:1;32:1;33:1;34:1;35:1;36:1;37:1;38:1,1
494,3,0.0,0.0,0.0,0.0,5,solved,1.0|1.0|0.0,21,1,27,7,8,0:8;7:1;48:1;49:1;50:1;51:1;52:1;53:1;54:1;55:1;56:1;57:1;58:1;59:1;60:1;61:1;62:1;63:1;64:1;65:1,1
495,3,0.0,0.0,0.0,0.0,4,solved,1.0|0.5|1.0,18,3,25,8,6,0:6;6:1;7:1;8:1;9:1;10:1;11:3;14:2;16:1;17:1;18:1;19:1;20:1;21:1;22:1;23:1;24:1,1
496,3,0.0,0.0,0.0,0.0,5,solved,0.5|0.0|1.5,24,5,40,17,12,0:12;12:1;13:1;14:1;15:1;16:1;17:3;20:2;22:2;24:1;25:1;26:1;27:3;30:1;31:1;32:1;33:1;34:1;35:1;36:1;37:1;38:1;39:1,1
497,3,2.0,2.0,0.0,0.0,4,solved,0.5|1.0|0.5,15,2,18,4,4,0:4;4:1;5:1;6:2;7:1;20:1;21:1;22:1;23:1;24:1;25:1;26:1;27:1;28:1,0
498,3,2.0,2.0,0.0,0.0,3,solved,1.5|0.5|1.0,16,3,24,9,8,0:8;7:1;39:1;40:2;41:1;47:1;48:2;50:1;51:1;52:1;53:1;54:1;55:1;56:1;57:1,0
499,3,5.716814692820414,4.570796326794897,1.1460183660255172,0.2507261938816514,5,solved,1.0|0.0|0.5,16,4,44,29,27,0:27;26:1;63:2;64:1;71:1;72:1;73:2;75:1;76:1;77:2;79:1;80:1;81:1;82:1;83:1,0
500,3,4.924777960769376,3.787611019615312,1.1371669411540637,0.30023329620304035,7,solved,0.5|0.0|1.0,25,4,34,10,8,0:8;5:1;183:2;185:1;186:1;187:1;188:2;189:1;235:1;236:1;237:2;239:1;240:1;241:1;242:1;243:1;244:1;245:1;246:1;247:1;248:1;249:1;250:1;251:1,0
